"","quad","year","track_id","basalArea_genet","logsize_t0","logsize_t1","survives","size_t1"
"1","e1q1-3",68,"SPOASP_68_1",268.76869447321,5.59385113785318,NA,0,NA
"2","e1q1a-2",68,"SPOASP_68_1",4.39222809571646,1.47983663722036,NA,0,NA
"3","e1q1a-2",68,"SPOASP_68_2",2.77091306607298,1.01917689262544,NA,0,NA
"4","e1q1a-3",65,"SPOASP_65_1",23.169832512462,3.14285110978035,NA,0,NA
"5","e1q2-4",57,"SPOASP_57_1",65.153712295739,4.17674928269562,NA,0,NA
"6","e1q2-4",57,"SPOASP_57_2",76.6053545227251,4.33866697668893,NA,0,NA
"7","e1q2-4",57,"SPOASP_57_3",84.3728402142395,4.43524555140421,NA,0,NA
"8","e1q2-4",57,"SPOASP_57_4",168.025215225285,5.12411405876748,3.57922164350895,1,35.8456293076605
"9","e1q2-4",58,"SPOASP_57_4",35.8456293076605,3.57922164350895,NA,0,NA
"10","e1q2-4",58,"SPOASP_58_1",15.0313160364185,2.71013576057163,NA,0,NA
"11","e1q2-4",58,"SPOASP_58_2",35.5060092108225,3.56970195570052,NA,0,NA
"12","e1q2-4",58,"SPOASP_58_3",25.4247571008604,3.23572338833384,NA,0,NA
"13","e1q2-8",43,"SPOASP_43_1",2.2310798513775,0.802485706552378,NA,0,NA
"14","e1q2-8",68,"SPOASP_68_1",47.442385355682,3.85951603495326,NA,0,NA
"15","e1q2-8",68,"SPOASP_68_2",64.7723786449025,4.17087925700564,NA,0,NA
"16","e1q3a-3",50,"SPOASP_50_1",5.74876199487975,1.74898452638945,NA,0,NA
"17","e1q3a-3",57,"SPOASP_57_1",49.1122258947605,3.89410800369844,4.06902963837957,1,58.5001687225365
"18","e1q3a-3",58,"SPOASP_57_1",58.5001687225365,4.06902963837957,NA,0,NA
"19","e1q3a-3",57,"SPOASP_57_2",41.8368833682436,3.73377832769548,NA,0,NA
"20","e1q4-1",41,"SPOASP_41_1",10.6139025611275,2.36216470414192,3.52912024891457,1,34.0939602186611
"21","e1q4-1",42,"SPOASP_41_1",34.0939602186611,3.52912024891457,3.18801847454565,1,24.2403469579545
"22","e1q4-1",43,"SPOASP_41_1",24.2403469579545,3.18801847454565,3.36859315820557,1,29.037646933288
"23","e1q4-1",44,"SPOASP_41_1",29.037646933288,3.36859315820557,3.63430847091929,1,37.8756517241315
"24","e1q4-1",45,"SPOASP_41_1",37.8756517241315,3.63430847091929,3.94820915272629,1,51.8424417568725
"25","e1q4-1",46,"SPOASP_41_1",51.8424417568725,3.94820915272629,4.39036536391477,1,80.6698874626769
"26","e1q4-1",47,"SPOASP_41_1",80.6698874626769,4.39036536391477,5.07876660834409,1,160.575880788443
"27","e1q4-1",48,"SPOASP_41_1",160.575880788443,5.07876660834409,4.68644271390796,1,108.466645818414
"28","e1q4-1",49,"SPOASP_41_1",108.466645818414,4.68644271390796,4.40292349678796,1,81.6893384308369
"29","e1q4-1",50,"SPOASP_41_1",81.6893384308369,4.40292349678796,4.52737373071326,1,92.5152717335675
"30","e1q4-1",51,"SPOASP_41_1",92.5152717335675,4.52737373071326,5.20262615432249,1,181.748916393165
"31","e1q4-1",52,"SPOASP_41_1",181.748916393165,5.20262615432249,5.37979267000387,1,216.977284861531
"32","e1q4-1",53,"SPOASP_41_1",216.977284861531,5.37979267000387,5.1990883845239,1,181.10706659368
"33","e1q4-1",54,"SPOASP_41_1",181.10706659368,5.1990883845239,5.60309048098098,1,271.263447857606
"34","e1q4-1",55,"SPOASP_41_1",271.263447857606,5.60309048098098,5.31956813060579,1,204.295633906861
"35","e1q4-1",56,"SPOASP_41_1",204.295633906861,5.31956813060579,5.64807914647794,1,283.745907696871
"36","e1q4-1",57,"SPOASP_41_1",283.745907696871,5.64807914647794,4.80743721471347,1,122.417485432174
"37","e1q4-1",58,"SPOASP_41_1",122.417485432174,4.80743721471347,5.30851751570853,1,202.050469601933
"38","e1q4-1",59,"SPOASP_41_1",202.050469601933,5.30851751570853,4.67609714355665,1,107.350281174908
"39","e1q4-1",60,"SPOASP_41_1",107.350281174908,4.67609714355665,5.5667639893772,1,261.586232300454
"40","e1q4-1",61,"SPOASP_41_1",261.586232300454,5.5667639893772,NA,0,NA
"41","e1q4-1",51,"SPOASP_51_1",0.723880066701448,-0.323129554045797,NA,0,NA
"42","e1q4-1",64,"SPOASP_64_1",48.1627405798305,3.87458570510887,5.14806419962271,1,172.098020242725
"43","e1q4-1",65,"SPOASP_64_1",172.098020242725,5.14806419962271,4.84545637442765,1,127.161301919707
"44","e1q4-1",66,"SPOASP_64_1",127.161301919707,4.84545637442765,5.01075045766767,1,150.017275530449
"45","e1q4-1",67,"SPOASP_64_1",150.017275530449,5.01075045766767,NA,0,NA
"46","e1q4-1",65,"SPOASP_65_1",24.56714569426,3.201410009425,NA,0,NA
"47","e1q4-1",70,"SPOASP_70_1",8.15102219814998,2.09814334247384,NA,0,NA
"48","e1q4-1",70,"SPOASP_70_2",47.7359841296554,3.86568549775901,NA,0,NA
"49","e1q4-1",70,"SPOASP_70_3",10.6290217722435,2.36358816293052,NA,0,NA
"50","e1q4-2",36,"SPOASP_36_1",5.6095651395475,1.72447320129797,3.29100229861909,1,26.8697817087835
"51","e1q4-2",37,"SPOASP_36_1",26.8697817087835,3.29100229861909,3.77681924831449,1,43.6768951995747
"52","e1q4-2",38,"SPOASP_36_1",43.6768951995747,3.77681924831449,4.0815954258279,1,59.2399073740853
"53","e1q4-2",40,"SPOASP_36_1",59.2399073740853,4.0815954258279,4.04988637527403,1,57.390935645621
"54","e1q4-2",41,"SPOASP_36_1",57.390935645621,4.04988637527403,3.78004165341119,1,43.8178668611881
"55","e1q4-2",42,"SPOASP_36_1",43.8178668611881,3.78004165341119,4.82239440740219,1,124.262269352105
"56","e1q4-2",43,"SPOASP_36_1",124.262269352105,4.82239440740219,3.89073105979318,1,48.9466563796768
"57","e1q4-2",44,"SPOASP_36_1",48.9466563796768,3.89073105979318,4.18145707663824,1,65.4611656935976
"58","e1q4-2",45,"SPOASP_36_1",65.4611656935976,4.18145707663824,4.01766199468151,1,55.5710284651618
"59","e1q4-2",46,"SPOASP_36_1",55.5710284651618,4.01766199468151,4.45775587889919,1,86.2936382683805
"60","e1q4-2",47,"SPOASP_36_1",86.2936382683805,4.45775587889919,4.32156975759972,1,75.3067488988014
"61","e1q4-2",48,"SPOASP_36_1",75.3067488988014,4.32156975759972,4.29852156516931,1,73.5909138632791
"62","e1q4-2",49,"SPOASP_36_1",73.5909138632791,4.29852156516931,4.61031123890385,1,100.515429080414
"63","e1q4-2",50,"SPOASP_36_1",100.515429080414,4.61031123890385,4.66193971808955,1,105.841185232893
"64","e1q4-2",51,"SPOASP_36_1",105.841185232893,4.66193971808955,4.80315057024002,1,121.893848319693
"65","e1q4-2",52,"SPOASP_36_1",121.893848319693,4.80315057024002,4.88379439086694,1,132.131070844104
"66","e1q4-2",53,"SPOASP_36_1",132.131070844104,4.88379439086694,4.41480531164695,1,82.6657452815412
"67","e1q4-2",54,"SPOASP_36_1",82.6657452815412,4.41480531164695,4.64686420720355,1,104.257542398023
"68","e1q4-2",55,"SPOASP_36_1",104.257542398023,4.64686420720355,3.81614256311901,1,45.4286318210884
"69","e1q4-2",56,"SPOASP_36_1",45.4286318210884,3.81614256311901,3.85712636117554,1,47.3291488844446
"70","e1q4-2",57,"SPOASP_36_1",47.3291488844446,3.85712636117554,3.21615571384565,1,24.9320896281841
"71","e1q4-2",58,"SPOASP_36_1",24.9320896281841,3.21615571384565,NA,0,NA
"72","e1q4a-1",36,"SPOASP_36_1",27.990684597192,3.3318717618632,4.03733469661424,1,56.6750850250691
"73","e1q4a-1",37,"SPOASP_36_1",56.6750850250691,4.03733469661424,4.41355988197401,1,82.5628549940399
"74","e1q4a-1",38,"SPOASP_36_1",82.5628549940399,4.41355988197401,4.28457492569969,1,72.5716918012881
"75","e1q4a-1",39,"SPOASP_36_1",72.5716918012881,4.28457492569969,4.78452087921789,1,119.644025410091
"76","e1q4a-1",40,"SPOASP_36_1",119.644025410091,4.78452087921789,4.75466170184471,1,116.124361861284
"77","e1q4a-1",41,"SPOASP_36_1",116.124361861284,4.75466170184471,5.74778245471196,1,313.494700214118
"78","e1q4a-1",42,"SPOASP_36_1",313.494700214118,5.74778245471196,5.1417650735142,1,171.017360290141
"79","e1q4a-1",43,"SPOASP_36_1",171.017360290141,5.1417650735142,5.29997071627947,1,200.330943453533
"80","e1q4a-1",44,"SPOASP_36_1",200.330943453533,5.29997071627947,4.6326622469455,1,102.787345474372
"81","e1q4a-1",45,"SPOASP_36_1",102.787345474372,4.6326622469455,4.65262534559147,1,104.859918046393
"82","e1q4a-1",46,"SPOASP_36_1",104.859918046393,4.65262534559147,4.75600270712994,1,116.280189703913
"83","e1q4a-1",47,"SPOASP_36_1",116.280189703913,4.75600270712994,5.40295651638041,1,222.061976510295
"84","e1q4a-1",48,"SPOASP_36_1",222.061976510295,5.40295651638041,4.93007622459081,1,138.390060663681
"85","e1q4a-1",49,"SPOASP_36_1",138.390060663681,4.93007622459081,4.66020716905709,1,105.65796895125
"86","e1q4a-1",50,"SPOASP_36_1",105.65796895125,4.66020716905709,4.11791080430325,1,61.4307672118879
"87","e1q4a-1",51,"SPOASP_36_1",61.4307672118879,4.11791080430325,5.1829368813924,1,178.205411366746
"88","e1q4a-1",53,"SPOASP_36_1",178.205411366746,5.1829368813924,4.7075015274241,1,110.775045455262
"89","e1q4a-1",54,"SPOASP_36_1",110.775045455262,4.7075015274241,4.86944813711925,1,130.249017460978
"90","e1q4a-1",55,"SPOASP_36_1",130.249017460978,4.86944813711925,3.8584404311499,1,47.3913835793221
"91","e1q4a-1",56,"SPOASP_36_1",47.3913835793221,3.8584404311499,3.90261495097707,1,49.5318031416101
"92","e1q4a-1",57,"SPOASP_36_1",49.5318031416101,3.90261495097707,4.32349810464152,1,75.4521065502235
"93","e1q4a-1",58,"SPOASP_36_1",75.4521065502235,4.32349810464152,NA,0,NA
"94","e1q4a-1",40,"SPOASP_40_1",3.551595715854,1.26739699991728,NA,0,NA
"95","e1q4a-1",42,"SPOASP_42_1",18.3299133054274,2.90853433218562,NA,0,NA
"96","e1q4a-1",42,"SPOASP_42_2",0.685160417808001,-0.378102281556285,NA,0,NA
"97","e1q4a-1",43,"SPOASP_43_1",14.2233247504205,2.6548832050927,NA,0,NA
"98","e1q4a-1",46,"SPOASP_46_1",14.341432095755,2.66315269739254,3.68939057033537,1,40.0204498745435
"99","e1q4a-1",47,"SPOASP_46_1",40.0204498745435,3.68939057033537,4.20027629268636,1,66.7047585320455
"100","e1q4a-1",48,"SPOASP_46_1",66.7047585320455,4.20027629268636,3.72312129736709,1,41.3933937717195
"101","e1q4a-1",49,"SPOASP_46_1",41.3933937717195,3.72312129736709,3.97776801536873,1,53.3977182348485
"102","e1q4a-1",50,"SPOASP_46_1",53.3977182348485,3.97776801536873,NA,0,NA
"103","e1q4a-1",54,"SPOASP_54_1",99.3941091108085,4.59909284742753,1.35470640826171,1,3.8756229387095
"104","e1q4a-1",55,"SPOASP_54_1",3.8756229387095,1.35470640826171,NA,0,NA
"105","e1q4a-1",60,"SPOASP_60_1",86.3457081309436,4.45835910018366,NA,0,NA
"106","e1q4a-1",61,"SPOASP_61_1",23.0746248651141,3.13873352305694,NA,0,NA
"107","e1q4a-1",61,"SPOASP_61_2",46.094457405626,3.83069271296153,NA,0,NA
"108","e1q5-1",35,"SPOASP_35_1",48.268916049683,3.8767877934369,2.99523824404723,1,19.9901218501145
"109","e1q5-1",36,"SPOASP_35_1",19.9901218501145,2.99523824404723,3.10136341435032,1,22.2282369280175
"110","e1q5-1",37,"SPOASP_35_1",22.2282369280175,3.10136341435032,4.35247347202844,1,77.6703409407384
"111","e1q5-1",38,"SPOASP_35_1",77.6703409407384,4.35247347202844,4.11753495969131,1,61.40768312731
"112","e1q5-1",39,"SPOASP_35_1",61.40768312731,4.11753495969131,2.95902300316131,1,19.279126905283
"113","e1q5-1",40,"SPOASP_35_1",19.279126905283,2.95902300316131,NA,0,NA
"114","e1q5-1",37,"SPOASP_37_1",2.4749828167595,0.906233453273118,2.95053482864784,1,19.1161748726665
"115","e1q5-1",38,"SPOASP_37_1",19.1161748726665,2.95053482864784,3.18198781933805,1,24.0946016947685
"116","e1q5-1",39,"SPOASP_37_1",24.0946016947685,3.18198781933805,NA,0,NA
"117","e1q5-1",37,"SPOASP_37_2",17.4417622654805,2.85886746070849,2.0052332235447,1,7.42782603868001
"118","e1q5-1",38,"SPOASP_37_2",7.42782603868001,2.0052332235447,3.83281231614418,1,46.192262982133
"119","e1q5-1",39,"SPOASP_37_2",46.192262982133,3.83281231614418,2.35033279270908,1,10.4890598265905
"120","e1q5-1",40,"SPOASP_37_2",10.4890598265905,2.35033279270908,2.73572901071465,1,15.4209813998045
"121","e1q5-1",41,"SPOASP_37_2",15.4209813998045,2.73572901071465,3.95292047644322,1,52.0872645491272
"122","e1q5-1",43,"SPOASP_37_2",52.0872645491272,3.95292047644322,3.46191521254864,1,31.8779711775759
"123","e1q5-1",44,"SPOASP_37_2",31.8779711775759,3.46191521254864,3.90848992970333,1,49.8236579121686
"124","e1q5-1",46,"SPOASP_37_2",49.8236579121686,3.90848992970333,5.07723794555236,1,160.330601936325
"125","e1q5-1",48,"SPOASP_37_2",160.330601936325,5.07723794555236,4.64838097218548,1,104.415796574292
"126","e1q5-1",49,"SPOASP_37_2",104.415796574292,4.64838097218548,4.04430685203843,1,57.071613248445
"127","e1q5-1",50,"SPOASP_37_2",57.071613248445,4.04430685203843,3.92079896400414,1,50.4407290099185
"128","e1q5-1",51,"SPOASP_37_2",50.4407290099185,3.92079896400414,4.01273203244732,1,55.2977395989211
"129","e1q5-1",52,"SPOASP_37_2",55.2977395989211,4.01273203244732,4.29205548284536,1,73.1166040716065
"130","e1q5-1",53,"SPOASP_37_2",73.1166040716065,4.29205548284536,3.16719538876861,1,23.740807163919
"131","e1q5-1",54,"SPOASP_37_2",23.740807163919,3.16719538876861,4.66086152798172,1,105.727129811737
"132","e1q5-1",55,"SPOASP_37_2",105.727129811737,4.66086152798172,4.40671488451907,1,81.9996422556756
"133","e1q5-1",56,"SPOASP_37_2",81.9996422556756,4.40671488451907,4.54802060376029,1,94.4452785448308
"134","e1q5-1",57,"SPOASP_37_2",94.4452785448308,4.54802060376029,4.58310335059752,1,97.8174856167861
"135","e1q5-1",58,"SPOASP_37_2",97.8174856167861,4.58310335059752,4.20249000364828,1,66.8525871517683
"136","e1q5-1",60,"SPOASP_37_2",66.8525871517683,4.20249000364828,2.6641292155846,1,14.3554436052302
"137","e1q5-1",62,"SPOASP_37_2",14.3554436052302,2.6641292155846,NA,0,NA
"138","e1q5-1",40,"SPOASP_40_1",11.3696630591285,2.4309486731218,NA,0,NA
"139","e1q5-1",41,"SPOASP_41_1",1.2168645388075,0.196277500339013,NA,0,NA
"140","e1q5-1",42,"SPOASP_42_1",2.6113105753265,0.959852231446859,NA,0,NA
"141","e1q5-1",43,"SPOASP_43_1",13.410871060701,2.59606565123929,1.77381579324531,1,5.89329811902699
"142","e1q5-1",44,"SPOASP_43_1",5.89329811902699,1.77381579324531,3.39637241171942,1,29.8555995457845
"143","e1q5-1",45,"SPOASP_43_1",29.8555995457845,3.39637241171942,3.92924009100812,1,50.8683076938131
"144","e1q5-1",46,"SPOASP_43_1",50.8683076938131,3.92924009100812,4.49854435897615,1,89.8861939933293
"145","e1q5-1",47,"SPOASP_43_1",89.8861939933293,4.49854435897615,4.23977666120999,1,69.3923521040189
"146","e1q5-1",48,"SPOASP_43_1",69.3923521040189,4.23977666120999,4.58194685127532,1,97.704425150749
"147","e1q5-1",49,"SPOASP_43_1",97.704425150749,4.58194685127532,4.5498216598521,1,94.6155330620415
"148","e1q5-1",50,"SPOASP_43_1",94.6155330620415,4.5498216598521,4.28080786350151,1,72.2988240021146
"149","e1q5-1",51,"SPOASP_43_1",72.2988240021146,4.28080786350151,4.81050824385694,1,122.79401096212
"150","e1q5-1",52,"SPOASP_43_1",122.79401096212,4.81050824385694,5.47087578405455,1,237.668247703881
"151","e1q5-1",53,"SPOASP_43_1",237.668247703881,5.47087578405455,5.51346083948914,1,248.007959272109
"152","e1q5-1",54,"SPOASP_43_1",248.007959272109,5.51346083948914,5.54393840220049,1,255.683001604321
"153","e1q5-1",55,"SPOASP_43_1",255.683001604321,5.54393840220049,5.76337825337652,1,318.422224906597
"154","e1q5-1",56,"SPOASP_43_1",318.422224906597,5.76337825337652,3.82084095806323,1,45.6425756779615
"155","e1q5-1",57,"SPOASP_43_1",45.6425756779615,3.82084095806323,5.11646376565183,1,166.744677567698
"156","e1q5-1",58,"SPOASP_43_1",166.744677567698,5.11646376565183,3.90441037175924,1,49.6208134519185
"157","e1q5-1",59,"SPOASP_43_1",49.6208134519185,3.90441037175924,4.29519410879606,1,73.3464502544858
"158","e1q5-1",60,"SPOASP_43_1",73.3464502544858,4.29519410879606,4.77102148868195,1,118.039756673446
"159","e1q5-1",62,"SPOASP_43_1",118.039756673446,4.77102148868195,2.34841282398358,1,10.468940480202
"160","e1q5-1",63,"SPOASP_43_1",10.468940480202,2.34841282398358,4.78279824321897,1,119.438099723288
"161","e1q5-1",64,"SPOASP_43_1",119.438099723288,4.78279824321897,4.35062429468341,1,77.5268474192639
"162","e1q5-1",66,"SPOASP_43_1",77.5268474192639,4.35062429468341,3.05803159370898,1,21.2856171553654
"163","e1q5-1",68,"SPOASP_43_1",21.2856171553654,3.05803159370898,NA,0,NA
"164","e1q5-1",43,"SPOASP_43_2",0.710576412831994,-0.341678789258822,2.45748196152495,1,11.6753754503365
"165","e1q5-1",45,"SPOASP_43_2",11.6753754503365,2.45748196152495,2.69936288764466,1,14.8702546832375
"166","e1q5-1",46,"SPOASP_43_2",14.8702546832375,2.69936288764466,3.60528372004919,1,36.7921210389464
"167","e1q5-1",47,"SPOASP_43_2",36.7921210389464,3.60528372004919,4.084818890729,1,59.431173240037
"168","e1q5-1",48,"SPOASP_43_2",59.431173240037,4.084818890729,NA,0,NA
"169","e1q5-1",43,"SPOASP_43_3",0.710581750952006,-0.341671276907069,NA,0,NA
"170","e1q5-1",43,"SPOASP_43_4",0.710582217864997,-0.341670619821748,NA,0,NA
"171","e1q5-1",43,"SPOASP_43_5",5.9262660011786,1.77939433528178,3.22844906950788,1,25.2404803680831
"172","e1q5-1",44,"SPOASP_43_5",25.2404803680831,3.22844906950788,2.3862438550695,1,10.8725781689878
"173","e1q5-1",45,"SPOASP_43_5",10.8725781689878,2.3862438550695,3.10817072820152,1,22.3800677067135
"174","e1q5-1",46,"SPOASP_43_5",22.3800677067135,3.10817072820152,3.60154453504035,1,36.6548053758385
"175","e1q5-1",47,"SPOASP_43_5",36.6548053758385,3.60154453504035,NA,0,NA
"176","e1q5-1",43,"SPOASP_43_6",0.710577681311996,-0.34167700411813,2.03782810169963,1,7.67392410355503
"177","e1q5-1",44,"SPOASP_43_6",7.67392410355503,2.03782810169963,3.19230805423639,1,24.344551194366
"178","e1q5-1",45,"SPOASP_43_6",24.344551194366,3.19230805423639,3.09296591807498,1,22.0423569467539
"179","e1q5-1",46,"SPOASP_43_6",22.0423569467539,3.09296591807498,4.07027855189259,1,58.5732760166087
"180","e1q5-1",47,"SPOASP_43_6",58.5732760166087,4.07027855189259,3.39807593972016,1,29.9065027407885
"181","e1q5-1",48,"SPOASP_43_6",29.9065027407885,3.39807593972016,3.73059572244314,1,41.7039447412915
"182","e1q5-1",49,"SPOASP_43_6",41.7039447412915,3.73059572244314,3.54197601994883,1,34.535093845809
"183","e1q5-1",50,"SPOASP_43_6",34.535093845809,3.54197601994883,3.69098598639836,1,40.084350103293
"184","e1q5-1",51,"SPOASP_43_6",40.084350103293,3.69098598639836,4.28026093172623,1,72.2592922895122
"185","e1q5-1",52,"SPOASP_43_6",72.2592922895122,4.28026093172623,4.67763682358112,1,107.515693566855
"186","e1q5-1",53,"SPOASP_43_6",107.515693566855,4.67763682358112,4.20809015807412,1,67.2280222296006
"187","e1q5-1",54,"SPOASP_43_6",67.2280222296006,4.20809015807412,5.10944895738603,1,165.579088596437
"188","e1q5-1",55,"SPOASP_43_6",165.579088596437,5.10944895738603,4.36472170665256,1,78.627515382298
"189","e1q5-1",56,"SPOASP_43_6",78.627515382298,4.36472170665256,5.19164700966019,1,179.764382922765
"190","e1q5-1",57,"SPOASP_43_6",179.764382922765,5.19164700966019,4.30002487335288,1,73.7016268833705
"191","e1q5-1",58,"SPOASP_43_6",73.7016268833705,4.30002487335288,4.56153665562331,1,95.7304716308068
"192","e1q5-1",59,"SPOASP_43_6",95.7304716308068,4.56153665562331,NA,0,NA
"193","e1q5-1",43,"SPOASP_43_7",0.7105836221136,-0.341668643629296,1.93410872668362,1,6.91787558897338
"194","e1q5-1",45,"SPOASP_43_7",6.91787558897338,1.93410872668362,2.77579436175023,1,16.0513725290792
"195","e1q5-1",46,"SPOASP_43_7",16.0513725290792,2.77579436175023,3.48087788802285,1,32.4882305889093
"196","e1q5-1",47,"SPOASP_43_7",32.4882305889093,3.48087788802285,2.76523196784751,1,15.8827238445923
"197","e1q5-1",49,"SPOASP_43_7",15.8827238445923,2.76523196784751,2.37594047171916,1,10.761128965987
"198","e1q5-1",50,"SPOASP_43_7",10.761128965987,2.37594047171916,1.86214723188868,1,6.4375448431299
"199","e1q5-1",51,"SPOASP_43_7",6.4375448431299,1.86214723188868,2.2635278606667,1,9.61695667490055
"200","e1q5-1",52,"SPOASP_43_7",9.61695667490055,2.2635278606667,2.62214416561183,1,13.7652068484467
"201","e1q5-1",54,"SPOASP_43_7",13.7652068484467,2.62214416561183,1.93729985472131,1,6.9399866766188
"202","e1q5-1",55,"SPOASP_43_7",6.9399866766188,1.93729985472131,NA,0,NA
"203","e1q5-1",43,"SPOASP_43_8",7.93277567112766,2.07100299598327,3.85794040609692,1,47.3676926237663
"204","e1q5-1",45,"SPOASP_43_8",47.3676926237663,3.85794040609692,3.42762216118861,1,30.8033102911169
"205","e1q5-1",46,"SPOASP_43_8",30.8033102911169,3.42762216118861,3.43612716311087,1,31.0664097491121
"206","e1q5-1",47,"SPOASP_43_8",31.0664097491121,3.43612716311087,2.7392653023275,1,15.4756110231998
"207","e1q5-1",48,"SPOASP_43_8",15.4756110231998,2.7392653023275,2.84226458929318,1,17.1545696376177
"208","e1q5-1",49,"SPOASP_43_8",17.1545696376177,2.84226458929318,NA,0,NA
"209","e1q5-1",44,"SPOASP_44_1",33.1210785231343,3.50016989309116,NA,0,NA
"210","e1q5-1",44,"SPOASP_44_2",16.3328307689405,2.79317723972059,3.23612247281577,1,25.434905751826
"211","e1q5-1",45,"SPOASP_44_2",25.434905751826,3.23612247281577,3.59306667553091,1,36.3453646364694
"212","e1q5-1",46,"SPOASP_44_2",36.3453646364694,3.59306667553091,4.39212533487251,1,80.8119891325009
"213","e1q5-1",47,"SPOASP_44_2",80.8119891325009,4.39212533487251,5.07786283136328,1,160.430821564181
"214","e1q5-1",49,"SPOASP_44_2",160.430821564181,5.07786283136328,5.03652643553446,1,153.934384283224
"215","e1q5-1",50,"SPOASP_44_2",153.934384283224,5.03652643553446,4.3751524500304,1,79.4519510813939
"216","e1q5-1",51,"SPOASP_44_2",79.4519510813939,4.3751524500304,4.45608665019135,1,86.1497146042529
"217","e1q5-1",52,"SPOASP_44_2",86.1497146042529,4.45608665019135,5.15525878460202,1,173.340658848533
"218","e1q5-1",53,"SPOASP_44_2",173.340658848533,5.15525878460202,5.09534869409914,1,163.260762764898
"219","e1q5-1",54,"SPOASP_44_2",163.260762764898,5.09534869409914,4.59142748169279,1,98.6351295568576
"220","e1q5-1",55,"SPOASP_44_2",98.6351295568576,4.59142748169279,3.46473221924504,1,31.9678982389499
"221","e1q5-1",56,"SPOASP_44_2",31.9678982389499,3.46473221924504,3.14026173380114,1,23.1099147130455
"222","e1q5-1",58,"SPOASP_44_2",23.1099147130455,3.14026173380114,NA,0,NA
"223","e1q5-1",45,"SPOASP_45_1",13.103509567771,2.57288010026344,2.70617253665473,1,14.971861458924
"224","e1q5-1",46,"SPOASP_45_1",14.971861458924,2.70617253665473,4.01707645912588,1,55.538499176589
"225","e1q5-1",47,"SPOASP_45_1",55.538499176589,4.01707645912588,3.35614649953959,1,28.678465196687
"226","e1q5-1",48,"SPOASP_45_1",28.678465196687,3.35614649953959,2.76691067778031,1,15.9094087226885
"227","e1q5-1",49,"SPOASP_45_1",15.9094087226885,2.76691067778031,2.89749855601404,1,18.128740575259
"228","e1q5-1",50,"SPOASP_45_1",18.128740575259,2.89749855601404,3.69808345743682,1,40.3698596164745
"229","e1q5-1",52,"SPOASP_45_1",40.3698596164745,3.69808345743682,3.56673683058281,1,35.400885380757
"230","e1q5-1",53,"SPOASP_45_1",35.400885380757,3.56673683058281,3.72952408853391,1,41.6592773177955
"231","e1q5-1",54,"SPOASP_45_1",41.6592773177955,3.72952408853391,5.49419075338361,1,243.274577352763
"232","e1q5-1",55,"SPOASP_45_1",243.274577352763,5.49419075338361,4.74814841305774,1,115.370468186086
"233","e1q5-1",56,"SPOASP_45_1",115.370468186086,4.74814841305774,NA,0,NA
"234","e1q5-1",46,"SPOASP_46_1",7.97049522703698,2.07574662726283,NA,0,NA
"235","e1q5-1",46,"SPOASP_46_2",13.0346988150156,2.5676149412509,3.93579314413474,1,51.2027450125534
"236","e1q5-1",47,"SPOASP_46_2",51.2027450125534,3.93579314413474,3.24219227498716,1,25.5897600901524
"237","e1q5-1",48,"SPOASP_46_2",25.5897600901524,3.24219227498716,3.30473516321789,1,27.2413261282314
"238","e1q5-1",49,"SPOASP_46_2",27.2413261282314,3.30473516321789,2.83379192042101,1,17.0098386441306
"239","e1q5-1",50,"SPOASP_46_2",17.0098386441306,2.83379192042101,3.98446415838426,1,53.7564768016775
"240","e1q5-1",52,"SPOASP_46_2",53.7564768016775,3.98446415838426,4.58604748141477,1,98.1058974434027
"241","e1q5-1",54,"SPOASP_46_2",98.1058974434027,4.58604748141477,4.43458036403427,1,84.3167351288288
"242","e1q5-1",55,"SPOASP_46_2",84.3167351288288,4.43458036403427,2.9019362785455,1,18.2093696682266
"243","e1q5-1",56,"SPOASP_46_2",18.2093696682266,2.9019362785455,3.54910276729014,1,34.7820958490455
"244","e1q5-1",58,"SPOASP_46_2",34.7820958490455,3.54910276729014,4.23554365386717,1,69.0992345900031
"245","e1q5-1",59,"SPOASP_46_2",69.0992345900031,4.23554365386717,NA,0,NA
"246","e1q5-1",49,"SPOASP_49_1",41.538683695436,3.72662513030594,3.22301379396461,1,25.103663557792
"247","e1q5-1",50,"SPOASP_49_1",25.103663557792,3.22301379396461,3.06207856530898,1,21.371933986556
"248","e1q5-1",51,"SPOASP_49_1",21.371933986556,3.06207856530898,3.97679344888369,1,53.345703958082
"249","e1q5-1",52,"SPOASP_49_1",53.345703958082,3.97679344888369,3.56596472008693,1,35.3735625350765
"250","e1q5-1",53,"SPOASP_49_1",35.3735625350765,3.56596472008693,3.51889213395323,1,33.74702056794
"251","e1q5-1",54,"SPOASP_49_1",33.74702056794,3.51889213395323,4.16195839328896,1,64.1971227869486
"252","e1q5-1",56,"SPOASP_49_1",64.1971227869486,4.16195839328896,3.82048055060521,1,45.6261287172653
"253","e1q5-1",58,"SPOASP_49_1",45.6261287172653,3.82048055060521,4.0326317438696,1,56.4091705600985
"254","e1q5-1",59,"SPOASP_49_1",56.4091705600985,4.0326317438696,NA,0,NA
"255","e1q5-1",49,"SPOASP_49_2",8.36055021738346,2.12352424040736,2.77539956526108,1,16.0450367543117
"256","e1q5-1",50,"SPOASP_49_2",16.0450367543117,2.77539956526108,2.25731443747431,1,9.5573877085015
"257","e1q5-1",51,"SPOASP_49_2",9.5573877085015,2.25731443747431,1.99090334723567,1,7.3221452152805
"258","e1q5-1",52,"SPOASP_49_2",7.3221452152805,1.99090334723567,2.43411597245426,1,11.405731274611
"259","e1q5-1",53,"SPOASP_49_2",11.405731274611,2.43411597245426,2.27558235528879,1,9.73358576751801
"260","e1q5-1",54,"SPOASP_49_2",9.73358576751801,2.27558235528879,4.0160291083754,1,55.4803613384648
"261","e1q5-1",55,"SPOASP_49_2",55.4803613384648,4.0160291083754,3.4716802994552,1,32.190787188536
"262","e1q5-1",56,"SPOASP_49_2",32.190787188536,3.4716802994552,NA,0,NA
"263","e1q5-1",51,"SPOASP_51_1",14.060393746098,2.64336189069153,2.45019609188222,1,11.5906193227557
"264","e1q5-1",52,"SPOASP_51_1",11.5906193227557,2.45019609188222,2.80920867766738,1,16.5967796186766
"265","e1q5-1",53,"SPOASP_51_1",16.5967796186766,2.80920867766738,NA,0,NA
"266","e1q5-1",52,"SPOASP_52_1",13.9403548836815,2.63478786294818,NA,0,NA
"267","e1q5-1",52,"SPOASP_52_2",2.88006058456604,1.05781133023425,NA,0,NA
"268","e1q5-1",52,"SPOASP_52_3",2.39354138713064,0.872774021169759,NA,0,NA
"269","e1q5-1",53,"SPOASP_53_1",15.0036126181005,2.70829101331132,NA,0,NA
"270","e1q5-1",54,"SPOASP_54_1",21.373046440778,3.0621306160626,2.76245147473615,1,15.838623379285
"271","e1q5-1",56,"SPOASP_54_1",15.838623379285,2.76245147473615,4.22633838702846,1,68.4660763634494
"272","e1q5-1",58,"SPOASP_54_1",68.4660763634494,4.22633838702846,NA,0,NA
"273","e1q5-1",54,"SPOASP_54_2",17.428176901302,2.85808825861119,NA,0,NA
"274","e1q5-1",55,"SPOASP_55_1",14.6087337649815,2.68161955294308,NA,0,NA
"275","e1q5-1",57,"SPOASP_57_1",42.9882770114625,3.76092745088348,NA,0,NA
"276","e1q5-1",60,"SPOASP_60_1",18.2658932701795,2.90503556516578,NA,0,NA
"277","e1q5-1",60,"SPOASP_60_2",34.0561611246863,3.52801095968351,NA,0,NA
"278","e1q5-1",61,"SPOASP_61_1",0.69750005,-0.360252693602031,NA,0,NA
"279","e1q5-1",62,"SPOASP_62_1",8.38263303767649,2.12616207011527,3.41515038192411,1,30.4215239308985
"280","e1q5-1",63,"SPOASP_62_1",30.4215239308985,3.41515038192411,NA,0,NA
"281","e1q5-1",62,"SPOASP_62_10",7.49060036610052,2.01364895000449,NA,0,NA
"282","e1q5-1",62,"SPOASP_62_11",3.70698665039447,1.31021932297368,NA,0,NA
"283","e1q5-1",62,"SPOASP_62_2",7.72008176207547,2.04382495492302,NA,0,NA
"284","e1q5-1",62,"SPOASP_62_3",11.115434061353,2.40833459850728,0.42249683383227,1,1.52576638876351
"285","e1q5-1",63,"SPOASP_62_3",1.52576638876351,0.42249683383227,NA,0,NA
"286","e1q5-1",62,"SPOASP_62_4",6.10255830315851,1.80870807721861,NA,0,NA
"287","e1q5-1",62,"SPOASP_62_5",11.8876117373355,2.47549682739289,NA,0,NA
"288","e1q5-1",62,"SPOASP_62_6",15.17601313343,2.71971609804022,NA,0,NA
"289","e1q5-1",62,"SPOASP_62_7",5.93899054797152,1.78153917751394,NA,0,NA
"290","e1q5-1",62,"SPOASP_62_8",26.238306424369,3.26722042023875,1.67822716165983,1,5.35605213465203
"291","e1q5-1",63,"SPOASP_62_8",5.35605213465203,1.67822716165983,NA,0,NA
"292","e1q5-1",62,"SPOASP_62_9",23.2202791496666,3.14502599814695,NA,0,NA
"293","e1q5-1",63,"SPOASP_63_1",5.4344126489655,1.69275144646576,3.04251757361813,1,20.957940030139
"294","e1q5-1",64,"SPOASP_63_1",20.957940030139,3.04251757361813,1.81914439292398,1,6.16658002257351
"295","e1q5-1",66,"SPOASP_63_1",6.16658002257351,1.81914439292398,NA,0,NA
"296","e1q5-1",64,"SPOASP_64_1",11.6347226303645,2.45399395722338,NA,0,NA
"297","e1q5-1",64,"SPOASP_64_2",20.8946109090966,3.03949127448202,NA,0,NA
"298","e1q5-1",66,"SPOASP_66_1",0.720835408082995,-0.327344450582928,NA,0,NA
"299","e1q5-1",66,"SPOASP_66_2",0.720841759177998,-0.327335639879468,NA,0,NA
"300","e1q5-1",70,"SPOASP_70_1",12.6219620556356,2.53543831694897,NA,0,NA
"301","e1q5-1",70,"SPOASP_70_2",8.05255194987749,2.0859890535998,NA,0,NA
"302","e1q5-1",70,"SPOASP_70_3",5.71952259114455,1.74388533882185,NA,0,NA
"303","e1q5-1",70,"SPOASP_70_4",7.20777221068048,1.97515991751484,NA,0,NA
"304","e2q2-3",35,"SPOASP_35_1",21.3912522653905,3.06298206581219,1.39089238701639,1,4.01843445215202
"305","e2q2-3",37,"SPOASP_35_1",4.01843445215202,1.39089238701639,NA,0,NA
"306","e2q2-3",35,"SPOASP_35_2",30.6285745236127,3.42193338119212,3.58778282994216,1,36.15382781299
"307","e2q2-3",37,"SPOASP_35_2",36.15382781299,3.58778282994216,4.42224122810951,1,83.2827319455055
"308","e2q2-3",38,"SPOASP_35_2",83.2827319455055,4.42224122810951,4.12293199397133,1,61.7399984501601
"309","e2q2-3",39,"SPOASP_35_2",61.7399984501601,4.12293199397133,3.23390492085493,1,25.3785650190416
"310","e2q2-3",41,"SPOASP_35_2",25.3785650190416,3.23390492085493,3.03006311742831,1,20.6985389867115
"311","e2q2-3",42,"SPOASP_35_2",20.6985389867115,3.03006311742831,4.35106905622818,1,77.5613360487227
"312","e2q2-3",43,"SPOASP_35_2",77.5613360487227,4.35106905622818,4.41379379106767,1,82.5821694554476
"313","e2q2-3",44,"SPOASP_35_2",82.5821694554476,4.41379379106767,4.28330814396345,1,72.4798175121675
"314","e2q2-3",45,"SPOASP_35_2",72.4798175121675,4.28330814396345,4.29519924735138,1,73.3468271502458
"315","e2q2-3",46,"SPOASP_35_2",73.3468271502458,4.29519924735138,3.87484013749582,1,48.1749962999378
"316","e2q2-3",48,"SPOASP_35_2",48.1749962999378,3.87484013749582,3.59790910691958,1,36.521791393496
"317","e2q2-3",49,"SPOASP_35_2",36.521791393496,3.59790910691958,3.74258377425571,1,42.2069025100685
"318","e2q2-3",50,"SPOASP_35_2",42.2069025100685,3.74258377425571,4.07844806156755,1,59.0537509115984
"319","e2q2-3",51,"SPOASP_35_2",59.0537509115984,4.07844806156755,5.00380206583996,1,148.978509774194
"320","e2q2-3",52,"SPOASP_35_2",148.978509774194,5.00380206583996,4.24928175138653,1,70.0550773101724
"321","e2q2-3",53,"SPOASP_35_2",70.0550773101724,4.24928175138653,3.44675521042286,1,31.3983458133454
"322","e2q2-3",54,"SPOASP_35_2",31.3983458133454,3.44675521042286,3.39471673771048,1,29.8062093039476
"323","e2q2-3",55,"SPOASP_35_2",29.8062093039476,3.39471673771048,3.01334112340526,1,20.3552959933734
"324","e2q2-3",56,"SPOASP_35_2",20.3552959933734,3.01334112340526,3.18033436586009,1,24.0547953098681
"325","e2q2-3",57,"SPOASP_35_2",24.0547953098681,3.18033436586009,NA,0,NA
"326","e2q2-3",36,"SPOASP_36_1",13.428713862911,2.59739523997096,3.87638880562517,1,48.249661181978
"327","e2q2-3",37,"SPOASP_36_1",48.249661181978,3.87638880562517,3.9954723543599,1,54.351507732995
"328","e2q2-3",38,"SPOASP_36_1",54.351507732995,3.9954723543599,3.88778150827084,1,48.8024984000457
"329","e2q2-3",39,"SPOASP_36_1",48.8024984000457,3.88778150827084,NA,0,NA
"330","e2q2-3",37,"SPOASP_37_1",21.769196340152,3.08049595863266,3.08933697014801,1,21.9625113465945
"331","e2q2-3",38,"SPOASP_37_1",21.9625113465945,3.08933697014801,3.83783814062645,1,46.4250015500231
"332","e2q2-3",39,"SPOASP_37_1",46.4250015500231,3.83783814062645,2.49781174817671,1,12.1558647424255
"333","e2q2-3",40,"SPOASP_37_1",12.1558647424255,2.49781174817671,NA,0,NA
"334","e2q2-3",37,"SPOASP_37_2",15.6813574556045,2.75247258359884,3.28591727081701,1,26.7334949264665
"335","e2q2-3",38,"SPOASP_37_2",26.7334949264665,3.28591727081701,3.76711285443891,1,43.2550008999883
"336","e2q2-3",39,"SPOASP_37_2",43.2550008999883,3.76711285443891,NA,0,NA
"337","e2q2-3",43,"SPOASP_43_1",11.711668474678,2.46058565035299,2.97038145255144,1,19.49935625677
"338","e2q2-3",45,"SPOASP_43_1",19.49935625677,2.97038145255144,4.09330879775931,1,59.9378863053646
"339","e2q2-3",46,"SPOASP_43_1",59.9378863053646,4.09330879775931,4.28689145124422,1,72.7400008499941
"340","e2q2-3",48,"SPOASP_43_1",72.7400008499941,4.28689145124422,4.14010839054946,1,62.8096290504595
"341","e2q2-3",49,"SPOASP_43_1",62.8096290504595,4.14010839054946,4.04996186722462,1,57.39526836284
"342","e2q2-3",50,"SPOASP_43_1",57.39526836284,4.04996186722462,3.80666291558867,1,45.00001916183
"343","e2q2-3",51,"SPOASP_43_1",45.00001916183,3.80666291558867,4.74078076195291,1,114.52358243895
"344","e2q2-3",53,"SPOASP_43_1",114.52358243895,4.74078076195291,4.37783968730324,1,79.665744453845
"345","e2q2-3",54,"SPOASP_43_1",79.665744453845,4.37783968730324,4.28026507888662,1,72.2595919610085
"346","e2q2-3",55,"SPOASP_43_1",72.2595919610085,4.28026507888662,4.88131737109648,1,131.804184588328
"347","e2q2-3",56,"SPOASP_43_1",131.804184588328,4.88131737109648,4.12165103956576,1,61.6609629583835
"348","e2q2-3",57,"SPOASP_43_1",61.6609629583835,4.12165103956576,NA,0,NA
"349","e2q2-3",44,"SPOASP_44_1",3.2530606366305,1.1795962875359,NA,0,NA
"350","e2q2-3",44,"SPOASP_44_2",15.0359157474855,2.71044172230006,3.60479802788476,1,36.7742557329155
"351","e2q2-3",45,"SPOASP_44_2",36.7742557329155,3.60479802788476,3.77846107726964,1,43.7486640907845
"352","e2q2-3",46,"SPOASP_44_2",43.7486640907845,3.77846107726964,4.73461828436494,1,113.820003550042
"353","e2q2-3",48,"SPOASP_44_2",113.820003550042,4.73461828436494,4.95608768133278,1,142.03701339295
"354","e2q2-3",49,"SPOASP_44_2",142.03701339295,4.95608768133278,4.72274216388289,1,112.476258507323
"355","e2q2-3",50,"SPOASP_44_2",112.476258507323,4.72274216388289,4.95783694581806,1,142.285691134233
"356","e2q2-3",51,"SPOASP_44_2",142.285691134233,4.95783694581806,4.88940638132732,1,132.87467374779
"357","e2q2-3",52,"SPOASP_44_2",132.87467374779,4.88940638132732,5.16914453259198,1,175.764412425052
"358","e2q2-3",53,"SPOASP_44_2",175.764412425052,5.16914453259198,5.29852593945527,1,200.041718932015
"359","e2q2-3",54,"SPOASP_44_2",200.041718932015,5.29852593945527,5.29493861854233,1,199.325390708033
"360","e2q2-3",55,"SPOASP_44_2",199.325390708033,5.29493861854233,5.40302521938322,1,222.077233358979
"361","e2q2-3",56,"SPOASP_44_2",222.077233358979,5.40302521938322,4.82641961043992,1,124.76345823298
"362","e2q2-3",57,"SPOASP_44_2",124.76345823298,4.82641961043992,4.31244640299656,1,74.6228233162986
"363","e2q2-3",58,"SPOASP_44_2",74.6228233162986,4.31244640299656,3.57737827638599,1,35.779613517455
"364","e2q2-3",60,"SPOASP_44_2",35.779613517455,3.57737827638599,3.89210479013457,1,49.013942092286
"365","e2q2-3",61,"SPOASP_44_2",49.013942092286,3.89210479013457,4.96168952965475,1,142.834915976146
"366","e2q2-3",62,"SPOASP_44_2",142.834915976146,4.96168952965475,4.01454672953181,1,55.39817935205
"367","e2q2-3",64,"SPOASP_44_2",55.39817935205,4.01454672953181,NA,0,NA
"368","e2q2-3",45,"SPOASP_45_1",6.55126262636448,1.87965779845381,NA,0,NA
"369","e2q2-3",49,"SPOASP_49_1",5.68966617668702,1.73865157799662,NA,0,NA
"370","e2q2-3",49,"SPOASP_49_2",3.99949323054141,1.38616766072909,NA,0,NA
"371","e2q2-3",49,"SPOASP_49_3",2.72811674836256,1.00361153538607,NA,0,NA
"372","e2q2-3",53,"SPOASP_53_1",12.166341766534,2.49867326744328,2.07653131237185,1,7.97675201043451
"373","e2q2-3",54,"SPOASP_53_1",7.97675201043451,2.07653131237185,1.7847858761171,1,5.95830399579449
"374","e2q2-3",55,"SPOASP_53_1",5.95830399579449,1.7847858761171,2.25461627307818,1,9.53163506332499
"375","e2q2-3",56,"SPOASP_53_1",9.53163506332499,2.25461627307818,3.03734028289863,1,20.849715079479
"376","e2q2-3",57,"SPOASP_53_1",20.849715079479,3.03734028289863,NA,0,NA
"377","e2q2-3",53,"SPOASP_53_2",35.78980033436,3.57766294595153,2.18294800639887,1,8.8724237044615
"378","e2q2-3",55,"SPOASP_53_2",8.8724237044615,2.18294800639887,1.60818870637221,1,4.993757869356
"379","e2q2-3",57,"SPOASP_53_2",4.993757869356,1.60818870637221,NA,0,NA
"380","e2q2-3",53,"SPOASP_53_3",20.1375992634435,3.0025886777743,NA,0,NA
"381","e2q2-3",57,"SPOASP_57_1",36.4554563978655,3.59609114266612,NA,0,NA
"382","e2q2-3",60,"SPOASP_60_1",20.6608471852765,3.02824046891449,4.39001018548927,1,80.6412403467819
"383","e2q2-3",61,"SPOASP_60_1",80.6412403467819,4.39001018548927,3.43846164932116,1,31.1390185734485
"384","e2q2-3",62,"SPOASP_60_1",31.1390185734485,3.43846164932116,3.18412273518394,1,24.146096590803
"385","e2q2-3",63,"SPOASP_60_1",24.146096590803,3.18412273518394,4.00003321906648,1,54.599963762845
"386","e2q2-3",64,"SPOASP_60_1",54.599963762845,4.00003321906648,3.8127101177591,1,45.2729678314886
"387","e2q2-3",65,"SPOASP_60_1",45.2729678314886,3.8127101177591,4.02459435964329,1,55.9576055142135
"388","e2q2-3",66,"SPOASP_60_1",55.9576055142135,4.02459435964329,2.40036861960067,1,11.027240488526
"389","e2q2-3",67,"SPOASP_60_1",11.027240488526,2.40036861960067,NA,0,NA
"390","e2q2-3",60,"SPOASP_60_2",38.4474569592949,3.64929255486438,NA,0,NA
"391","e2q2-3",61,"SPOASP_61_1",12.543153184773,2.52917495373787,NA,0,NA
"392","e2q2-3",62,"SPOASP_62_1",6.47171223425001,1.8674407155801,3.84182379986666,1,46.610405018516
"393","e2q2-3",64,"SPOASP_62_1",46.610405018516,3.84182379986666,3.37826096234584,1,29.319738622964
"394","e2q2-3",65,"SPOASP_62_1",29.319738622964,3.37826096234584,NA,0,NA
"395","e2q2-3",62,"SPOASP_62_2",32.4683844119875,3.48026682854756,NA,0,NA
"396","e2q2-3",62,"SPOASP_62_3",24.1003838162475,3.18222776635517,NA,0,NA
"397","e2q2-3",62,"SPOASP_62_4",0.733964077307594,-0.309295192563099,NA,0,NA
"398","e2q2-3",64,"SPOASP_64_1",10.892143496931,2.38804174925016,NA,0,NA
"399","e2q2-3",64,"SPOASP_64_2",3.74291525345001,1.31986478732213,NA,0,NA
"400","e2q2-3",68,"SPOASP_68_1",11.747496100013,2.46364012001036,NA,0,NA
"401","e2q2-3",68,"SPOASP_68_2",4.55249840000108,1.51567618116456,NA,0,NA
"402","e2q2-3",68,"SPOASP_68_3",28.6074999759982,3.35366892037073,1.33168004233525,1,3.78740103959819
"403","e2q2-3",70,"SPOASP_68_3",3.78740103959819,1.33168004233525,NA,0,NA
"404","e2q2-4",35,"SPOASP_35_1",8.23704644383596,2.10864183838391,3.11921232716801,1,22.628548728573
"405","e2q2-4",37,"SPOASP_35_1",22.628548728573,3.11921232716801,2.95615670745261,1,19.2239463462455
"406","e2q2-4",38,"SPOASP_35_1",19.2239463462455,2.95615670745261,NA,0,NA
"407","e2q2-4",35,"SPOASP_35_2",11.5006228883227,2.44240119810435,1.73339261244897,1,5.65982295929268
"408","e2q2-4",36,"SPOASP_35_2",5.65982295929268,1.73339261244897,4.01698182680302,1,55.5332436880775
"409","e2q2-4",37,"SPOASP_35_2",55.5332436880775,4.01698182680302,4.12396268807595,1,61.8036663079886
"410","e2q2-4",38,"SPOASP_35_2",61.8036663079886,4.12396268807595,3.27459677769389,1,26.4325651315932
"411","e2q2-4",39,"SPOASP_35_2",26.4325651315932,3.27459677769389,3.3357002587636,1,28.0980522436191
"412","e2q2-4",40,"SPOASP_35_2",28.0980522436191,3.3357002587636,3.72370349906273,1,41.417500092451
"413","e2q2-4",41,"SPOASP_35_2",41.417500092451,3.72370349906273,4.33823154938986,1,76.5720057211267
"414","e2q2-4",43,"SPOASP_35_2",76.5720057211267,4.33823154938986,2.0141728040772,1,7.49452537558574
"415","e2q2-4",44,"SPOASP_35_2",7.49452537558574,2.0141728040772,2.27277126690264,1,9.70626222005786
"416","e2q2-4",45,"SPOASP_35_2",9.70626222005786,2.27277126690264,NA,0,NA
"417","e2qo-1",35,"SPOASP_35_1",43.8522549841825,3.78082614244882,4.43784343331841,1,84.5923158523405
"418","e2qo-1",37,"SPOASP_35_1",84.5923158523405,4.43784343331841,5.07455729713835,1,159.901387506041
"419","e2qo-1",38,"SPOASP_35_1",159.901387506041,5.07455729713835,4.99539688873733,1,147.731566744614
"420","e2qo-1",39,"SPOASP_35_1",147.731566744614,4.99539688873733,4.10576362040956,1,60.689070270417
"421","e2qo-1",40,"SPOASP_35_1",60.689070270417,4.10576362040956,3.96759957736492,1,52.857498099669
"422","e2qo-1",41,"SPOASP_35_1",52.857498099669,3.96759957736492,4.11888089087474,1,61.4903892888489
"423","e2qo-1",42,"SPOASP_35_1",61.4903892888489,4.11888089087474,3.26938100757521,1,26.2950578631026
"424","e2qo-1",43,"SPOASP_35_1",26.2950578631026,3.26938100757521,NA,0,NA
"425","e2qo-1",35,"SPOASP_35_2",29.0967915567009,3.37062791231536,3.59982718367681,1,36.5919102178466
"426","e2qo-1",36,"SPOASP_35_2",36.5919102178466,3.59982718367681,4.24543920021767,1,69.78640361776
"427","e2qo-1",37,"SPOASP_35_2",69.78640361776,4.24543920021767,4.6115078118686,1,100.635775112437
"428","e2qo-1",38,"SPOASP_35_2",100.635775112437,4.6115078118686,4.58084358827316,1,97.5966909138591
"429","e2qo-1",39,"SPOASP_35_2",97.5966909138591,4.58084358827316,4.42955279860118,1,83.8938910546543
"430","e2qo-1",40,"SPOASP_35_2",83.8938910546543,4.42955279860118,4.17088120976634,1,64.7725051299814
"431","e2qo-1",41,"SPOASP_35_2",64.7725051299814,4.17088120976634,4.81764858768355,1,123.673940180258
"432","e2qo-1",42,"SPOASP_35_2",123.673940180258,4.81764858768355,3.9780226659296,1,53.411317725232
"433","e2qo-1",43,"SPOASP_35_2",53.411317725232,3.9780226659296,3.96944427992795,1,52.9550944523338
"435","e2qo-1",35,"SPOASP_35_3",5.28806115875101,1.66545166805569,1.79714192275274,1,6.03238178970999
"436","e2qo-1",36,"SPOASP_35_3",6.03238178970999,1.79714192275274,1.92477354341431,1,6.85359644809949
"437","e2qo-1",37,"SPOASP_35_3",6.85359644809949,1.92477354341431,NA,0,NA
"438","e2qo-1",39,"SPOASP_39_1",11.1664336871386,2.41291228610692,NA,0,NA
"439","e2qo-1",39,"SPOASP_39_2",4.62623507160329,1.5317433778237,NA,0,NA
"440","e2qo-1",40,"SPOASP_40_1",16.593804293765,2.8090293903775,3.30303314390585,1,27.195000299986
"441","e2qo-1",41,"SPOASP_40_1",27.195000299986,3.30303314390585,3.88309932449307,1,48.5745302445975
"442","e2qo-1",42,"SPOASP_40_1",48.5745302445975,3.88309932449307,4.16586565811442,1,64.4484486252704
"443","e2qo-1",43,"SPOASP_40_1",64.4484486252704,4.16586565811442,4.63807745023112,1,103.345469659377
"445","e2qo-1",40,"SPOASP_40_2",8.10188563634651,2.09209682919661,2.63650790712864,1,13.9643535434335
"446","e2qo-1",42,"SPOASP_40_2",13.9643535434335,2.63650790712864,NA,0,NA
"447","e2qo-1",40,"SPOASP_40_3",12.8741842350634,2.55522408415902,0.627273715447712,1,1.87249865000003
"448","e2qo-1",41,"SPOASP_40_3",1.87249865000003,0.627273715447712,4.36591756030144,1,78.7215986271538
"449","e2qo-1",42,"SPOASP_40_3",78.7215986271538,4.36591756030144,3.89651767058133,1,49.2307126985754
"450","e2qo-1",43,"SPOASP_40_3",49.2307126985754,3.89651767058133,NA,0,NA
"451","e2qo-1",42,"SPOASP_42_1",1.8587149610555,0.619885367803789,NA,0,NA
"452","e2qo-1",43,"SPOASP_43_1",14.8131094349968,2.69551256133991,NA,0,NA
