"","quad","year","track_id","size_t0","logsize_t0","survives","size_t1"
"1","gzgz_11",1998,"BUCDAC_1998_1",4.99999999999988e-05,-9.90348755253615,0,NA
"2","gzgz_11",1998,"BUCDAC_1998_2",2.49999999999994e-05,-10.5966347330961,0,NA
"3","gzgz_11",2001,"BUCDAC_2001_1",2.49999999999995e-05,-10.5966347330961,0,NA
"4","gzgz_11",2001,"BUCDAC_2001_2",2.49999999999995e-05,-10.5966347330961,0,NA
"5","gzgz_19",1998,"BUCDAC_1998_1",2.49999999999994e-05,-10.5966347330961,0,NA
"6","gzgz_19",2007,"BUCDAC_2007_1",0.00597397990059843,-5.12034192367355,0,NA
"7","gzgz_24",1997,"BUCDAC_1997_1",0.1703906900201,-1.7696613021118,1,0.330538790563641
"8","gzgz_24",1998,"BUCDAC_1997_1",0.330538790563641,-1.10703125724741,1,0.459518555369159
"9","gzgz_24",1999,"BUCDAC_1997_1",0.459518555369159,-0.77757595634957,1,0.282471596672843
"10","gzgz_24",2000,"BUCDAC_1997_1",0.282471596672843,-1.2641772762014,1,0.368746824867539
"11","gzgz_24",2001,"BUCDAC_1997_1",0.368746824867539,-0.997644981893887,1,0.393884681107176
"12","gzgz_24",2002,"BUCDAC_1997_1",0.393884681107176,-0.931697100070801,1,0.187538995622984
"13","gzgz_24",2003,"BUCDAC_1997_1",0.187538995622984,-1.6737684785399,1,0.0819310481906077
"14","gzgz_24",2004,"BUCDAC_1997_1",0.0819310481906077,-2.50187726117648,1,0.075216615658776
"15","gzgz_24",2005,"BUCDAC_1997_1",0.075216615658776,-2.58738311952359,1,0.0104206649821262
"16","gzgz_24",2006,"BUCDAC_1997_1",0.0104206649821262,-4.5639644268308,1,0.00306175169790417
"17","gzgz_24",2008,"BUCDAC_1997_1",0.00306175169790417,-5.78876807650953,1,0.00341203895748148
"18","gzgz_24",2009,"BUCDAC_1997_1",0.00341203895748148,-5.68044523163316,1,0.00600701831281837
"20","gzgz_24",1997,"BUCDAC_1997_2",0.0103899773223733,-4.56691365651311,1,0.0160920828852869
"21","gzgz_24",1998,"BUCDAC_1997_2",0.0160920828852869,-4.12942787419403,1,0.0111309470863214
"22","gzgz_24",1999,"BUCDAC_1997_2",0.0111309470863214,-4.49802602420426,1,0.0086247172119348
"23","gzgz_24",2000,"BUCDAC_1997_2",0.0086247172119348,-4.75312310362427,1,0.0282595920523288
"24","gzgz_24",2001,"BUCDAC_1997_2",0.0282595920523288,-3.56632233734556,1,0.0514890599624405
"25","gzgz_24",2002,"BUCDAC_1997_2",0.0514890599624405,-2.96638592179223,1,0.00192923499932948
"26","gzgz_24",2003,"BUCDAC_1997_2",0.00192923499932948,-6.25063172804646,1,0.00455675459844938
"27","gzgz_24",2004,"BUCDAC_1997_2",0.00455675459844938,-5.39114461970862,1,0.00527289516328084
"28","gzgz_24",2005,"BUCDAC_1997_2",0.00527289516328084,-5.24517570042913,0,NA
"29","gzgz_24",1998,"BUCDAC_1998_1",0.00526257311878464,-5.24713518576429,1,0.00319666130638166
"30","gzgz_24",2000,"BUCDAC_1998_1",0.00319666130638166,-5.74564835559207,1,0.00173928869014055
"31","gzgz_24",2001,"BUCDAC_1998_1",0.00173928869014055,-6.35427904810649,1,0.0249626339387104
"32","gzgz_24",2002,"BUCDAC_1998_1",0.0249626339387104,-3.69037521465779,1,0.000499906282683358
"33","gzgz_24",2003,"BUCDAC_1998_1",0.000499906282683358,-7.60108991174343,1,0.00140504258629378
"34","gzgz_24",2004,"BUCDAC_1998_1",0.00140504258629378,-6.5676876661264,1,2.49999999999996e-05
"35","gzgz_24",2005,"BUCDAC_1998_1",2.49999999999996e-05,-10.5966347330961,0,NA
"36","gzgz_24",1998,"BUCDAC_1998_10",0.00229425702813176,-6.07734622290196,1,0.00116227196138403
"37","gzgz_24",1999,"BUCDAC_1998_10",0.00116227196138403,-6.75737860199539,1,0.00105462018960939
"38","gzgz_24",2000,"BUCDAC_1998_10",0.00105462018960939,-6.85457458672213,0,NA
"39","gzgz_24",1998,"BUCDAC_1998_11",0.000203509976698035,-8.49979552874017,0,NA
"40","gzgz_24",1998,"BUCDAC_1998_12",0.00363500731555239,-5.61714415546707,1,0.00356097203241934
"41","gzgz_24",1999,"BUCDAC_1998_12",0.00356097203241934,-5.63772172857318,1,0.00636290891052308
"42","gzgz_24",2001,"BUCDAC_1998_12",0.00636290891052308,-5.05726963032616,1,0.000886378194048382
"43","gzgz_24",2002,"BUCDAC_1998_12",0.000886378194048382,-7.02836684285104,1,0.00212727748581811
"44","gzgz_24",2003,"BUCDAC_1998_12",0.00212727748581811,-6.15291229249631,1,0.00057213005553472
"45","gzgz_24",2004,"BUCDAC_1998_12",0.00057213005553472,-7.46614422261313,1,7.49999999999987e-05
"46","gzgz_24",2005,"BUCDAC_1998_12",7.49999999999987e-05,-9.49802244442798,0,NA
"47","gzgz_24",1998,"BUCDAC_1998_2",0.00364005971830274,-5.61575519134094,1,0.000739597155898022
"48","gzgz_24",2000,"BUCDAC_1998_2",0.000739597155898022,-7.20940490391838,1,0.00144765073289683
"49","gzgz_24",2001,"BUCDAC_1998_2",0.00144765073289683,-6.53781322067656,1,2.4999999999999e-05
"50","gzgz_24",2003,"BUCDAC_1998_2",2.4999999999999e-05,-10.5966347330961,1,2.4999999999999e-05
"51","gzgz_24",2005,"BUCDAC_1998_2",2.4999999999999e-05,-10.5966347330961,0,NA
"52","gzgz_24",1998,"BUCDAC_1998_3",0.0119592123588384,-4.42625338891269,1,7.49999999999984e-05
"53","gzgz_24",1999,"BUCDAC_1998_3",7.49999999999984e-05,-9.49802244442798,1,0.00977284707346725
"54","gzgz_24",2000,"BUCDAC_1998_3",0.00977284707346725,-4.62814744560756,1,0.00923126899562458
"55","gzgz_24",2001,"BUCDAC_1998_3",0.00923126899562458,-4.68515875393455,1,0.000224242542812031
"56","gzgz_24",2003,"BUCDAC_1998_3",0.000224242542812031,-8.40278231148228,0,NA
"57","gzgz_24",1998,"BUCDAC_1998_4",0.0111683294645724,-4.49467323262968,1,0.00835113016392392
"58","gzgz_24",2000,"BUCDAC_1998_4",0.00835113016392392,-4.78535840030529,1,0.01271358745573
"59","gzgz_24",2001,"BUCDAC_1998_4",0.01271358745573,-4.36508397902568,1,0.000811573793227169
"60","gzgz_24",2003,"BUCDAC_1998_4",0.000811573793227169,-7.11653524079126,1,0.000481760013720725
"61","gzgz_24",2004,"BUCDAC_1998_4",0.000481760013720725,-7.63806446475043,1,0.000679260001455019
"62","gzgz_24",2005,"BUCDAC_1998_4",0.000679260001455019,-7.29450658550414,0,NA
"63","gzgz_24",1998,"BUCDAC_1998_5",0.000757349069559075,-7.18568628854012,1,0.000760588088802414
"64","gzgz_24",2000,"BUCDAC_1998_5",0.000760588088802414,-7.18141862285777,1,0.00153794935483422
"65","gzgz_24",2001,"BUCDAC_1998_5",0.00153794935483422,-6.47730533767739,1,0.000600212138408624
"66","gzgz_24",2002,"BUCDAC_1998_5",0.000600212138408624,-7.41822740122278,1,0.000714227505061523
"67","gzgz_24",2003,"BUCDAC_1998_5",0.000714227505061523,-7.24430901183795,1,0.000578010052986228
"68","gzgz_24",2004,"BUCDAC_1998_5",0.000578010052986228,-7.45591929673341,1,0.00196687000878974
"69","gzgz_24",2006,"BUCDAC_1998_5",0.00196687000878974,-6.23131182778353,1,0.00176527848717883
"70","gzgz_24",2008,"BUCDAC_1998_5",0.00176527848717883,-6.33944681793917,1,0.000749144162386659
"72","gzgz_24",1998,"BUCDAC_1998_6",0.00562526215449716,-5.1804877267337,1,0.00917913441069526
"73","gzgz_24",1999,"BUCDAC_1998_6",0.00917913441069526,-4.69082236956933,1,0.0065098968639125
"74","gzgz_24",2000,"BUCDAC_1998_6",0.0065098968639125,-5.03443166560413,1,0.00852793857413105
"75","gzgz_24",2001,"BUCDAC_1998_6",0.00852793857413105,-4.76440761443039,1,0.00902045683124
"76","gzgz_24",2002,"BUCDAC_1998_6",0.00902045683124,-4.70826029971116,1,0.000386772484701091
"77","gzgz_24",2003,"BUCDAC_1998_6",0.000386772484701091,-7.85767393264164,0,NA
"78","gzgz_24",1998,"BUCDAC_1998_7",0.00328220030007953,-5.71924125829241,1,9.78604797508082e-05
"79","gzgz_24",1999,"BUCDAC_1998_7",9.78604797508082e-05,-9.23196776969545,1,0.000524723913262861
"80","gzgz_24",2001,"BUCDAC_1998_7",0.000524723913262861,-7.55263831319508,1,0.00168869251803857
"81","gzgz_24",2003,"BUCDAC_1998_7",0.00168869251803857,-6.38380070744027,1,0.002999090142217
"82","gzgz_24",2005,"BUCDAC_1998_7",0.002999090142217,-5.80944632224217,0,NA
"83","gzgz_24",1998,"BUCDAC_1998_8",0.0114879123004704,-4.46645990071739,1,0.0116035018652226
"84","gzgz_24",1999,"BUCDAC_1998_8",0.0116035018652226,-4.45644834149492,1,0.0178666388522909
"85","gzgz_24",2001,"BUCDAC_1998_8",0.0178666388522909,-4.02482005634946,1,0.0187634552985201
"86","gzgz_24",2002,"BUCDAC_1998_8",0.0187634552985201,-3.97584416800783,1,0.00974417729018314
"87","gzgz_24",2003,"BUCDAC_1998_8",0.00974417729018314,-4.63108537337479,1,0.00225208000674647
"88","gzgz_24",2004,"BUCDAC_1998_8",0.00225208000674647,-6.09590104236131,1,0.00144373495332588
"89","gzgz_24",2005,"BUCDAC_1998_8",0.00144373495332588,-6.54052180568727,0,NA
"90","gzgz_24",1998,"BUCDAC_1998_9",0.00633105747330924,-5.06228799938376,0,NA
"91","gzgz_24",2000,"BUCDAC_2000_1",0.000847970444326233,-7.07266477616864,0,NA
"92","gzgz_24",2000,"BUCDAC_2000_2",0.00067713706051336,-7.29763685279041,0,NA
"93","gzgz_24",2000,"BUCDAC_2000_3",2.49999999999994e-05,-10.5966347330961,0,NA
"94","gzgz_24",2000,"BUCDAC_2000_4",2.49999999999995e-05,-10.5966347330961,0,NA
"95","gzgz_24",2000,"BUCDAC_2000_5",2.49999999999994e-05,-10.5966347330961,0,NA
"96","gzgz_24",2000,"BUCDAC_2000_6",2.49999999999994e-05,-10.5966347330961,0,NA
"97","gzgz_24",2001,"BUCDAC_2001_1",0.000215668415258616,-8.44176844431915,0,NA
"98","gzgz_24",2001,"BUCDAC_2001_2",0.000907891876104044,-7.00438526563404,0,NA
"99","gzgz_24",2001,"BUCDAC_2001_3",0.000141313563225816,-8.86452928402115,0,NA
"100","gzgz_24",2002,"BUCDAC_2002_1",0.000748873470758463,-7.19694051961406,0,NA
"101","gzgz_24",2003,"BUCDAC_2003_1",0.000855217497476104,-7.0641547383644,1,0.00493879485928062
"102","gzgz_24",2005,"BUCDAC_2003_1",0.00493879485928062,-5.31063393315553,0,NA
"103","gzgz_24",2003,"BUCDAC_2003_2",0.000213710006397047,-8.45089057222887,1,2.4999999999999e-05
"104","gzgz_24",2005,"BUCDAC_2003_2",2.4999999999999e-05,-10.5966347330961,0,NA
"105","gzgz_24",2003,"BUCDAC_2003_3",2.49999999999998e-05,-10.5966347330961,1,2.49999999999998e-05
"106","gzgz_24",2005,"BUCDAC_2003_3",2.49999999999998e-05,-10.5966347330961,0,NA
"107","gzgz_24",2003,"BUCDAC_2003_4",2.49999999999998e-05,-10.5966347330961,0,NA
"108","gzgz_24",2004,"BUCDAC_2004_1",0.000723160004259659,-7.23188005426012,1,0.00100045505817809
"109","gzgz_24",2005,"BUCDAC_2004_1",0.00100045505817809,-6.90730032431162,0,NA
"110","gzgz_24",2004,"BUCDAC_2004_2",0.00111446988923008,-6.79937642279352,1,0.000124999999999997
"111","gzgz_24",2005,"BUCDAC_2004_2",0.000124999999999997,-8.98719682066199,0,NA
"112","gzgz_24",2005,"BUCDAC_2005_1",0.000993000032226803,-6.91477986146512,0,NA
"113","gzgz_24",2005,"BUCDAC_2005_10",2.4999999999999e-05,-10.5966347330961,0,NA
"114","gzgz_24",2005,"BUCDAC_2005_11",2.4999999999999e-05,-10.5966347330961,0,NA
"115","gzgz_24",2005,"BUCDAC_2005_12",2.49999999999994e-05,-10.5966347330961,0,NA
"116","gzgz_24",2005,"BUCDAC_2005_2",0.000834339949925119,-7.08886962483838,0,NA
"117","gzgz_24",2005,"BUCDAC_2005_3",0.000900034921798733,-7.01307699339415,1,0.00309055009296235
"118","gzgz_24",2006,"BUCDAC_2005_3",0.00309055009296235,-5.7794061803044,1,0.00160523701569239
"119","gzgz_24",2008,"BUCDAC_2005_3",0.00160523701569239,-6.4344838599742,1,0.00107431662495339
"120","gzgz_24",2009,"BUCDAC_2005_3",0.00107431662495339,-6.83607051726175,1,0.00252322738348349
"122","gzgz_24",2005,"BUCDAC_2005_4",0.000716370016572503,-7.24131374156745,0,NA
"123","gzgz_24",2005,"BUCDAC_2005_5",2.49999999999994e-05,-10.5966347330961,0,NA
"124","gzgz_24",2005,"BUCDAC_2005_6",2.50000000000001e-05,-10.5966347330961,0,NA
"125","gzgz_24",2005,"BUCDAC_2005_7",2.4999999999999e-05,-10.5966347330961,0,NA
"126","gzgz_24",2005,"BUCDAC_2005_8",2.4999999999999e-05,-10.5966347330961,0,NA
"127","gzgz_24",2005,"BUCDAC_2005_9",2.4999999999999e-05,-10.5966347330961,0,NA
"128","gzgz_24",2008,"BUCDAC_2008_1",0.0017144554235177,-6.36865978609734,1,0.00124874380620681
"130","gzgz_24",2008,"BUCDAC_2008_2",0.00290530610721396,-5.84121652169463,1,0.00556277976240338
"131","gzgz_24",2009,"BUCDAC_2008_2",0.00556277976240338,-5.19165733838985,1,0.0144821473548127
"133","gzgz_24",2008,"BUCDAC_2008_3",0.00266591590646881,-5.92720760068305,1,0.00722255903223656
"134","gzgz_24",2009,"BUCDAC_2008_3",0.00722255903223656,-4.93054595227735,1,0.00474297333470059
"136","gzgz_24",2008,"BUCDAC_2008_4",0.000894736555893504,-7.01898123397614,1,0.000798809884638573
"138","gzgz_24",2008,"BUCDAC_2008_5",0.00113197844945278,-6.78378833696824,1,0.00184818499937656
"139","gzgz_24",2009,"BUCDAC_2008_5",0.00184818499937656,-6.29355120288535,1,0.00108160960423907
"141","gzgz_24",2008,"BUCDAC_2008_6",0.00071962698545712,-7.23677755595579,1,0.00766899219289261
"142","gzgz_24",2009,"BUCDAC_2008_6",0.00766899219289261,-4.87057006820846,1,0.0396477757164831
"144","gzgz_24",2008,"BUCDAC_2008_7",0.000244526251304528,-8.31618788751412,1,0.00447023788992755
"146","gzgz_24",2009,"BUCDAC_2009_1",0.000639425987024567,-7.35493967933589,1,0.00570369495586946
"148","gzgz_24",2009,"BUCDAC_2009_10",0.00166449705235629,-6.39823227183915,1,0.00142273076401607
"150","gzgz_24",2009,"BUCDAC_2009_11",0.00716292303880831,-4.93883713567554,1,0.00535086075620352
"154","gzgz_24",2009,"BUCDAC_2009_14",0.00553065816844283,-5.19744845272835,1,2.49999999999996e-05
"156","gzgz_24",2009,"BUCDAC_2009_15",0.0059957965197673,-5.11669663531374,1,0.00285700787442776
"158","gzgz_24",2009,"BUCDAC_2009_16",2.50000000000003e-05,-10.5966347330961,1,0.000381160040659089
"160","gzgz_24",2009,"BUCDAC_2009_17",2.49999999999994e-05,-10.5966347330961,1,0.0023440690498194
"163","gzgz_24",2009,"BUCDAC_2009_19",2.49999999999994e-05,-10.5966347330961,1,0.000280452927014761
"165","gzgz_24",2009,"BUCDAC_2009_2",0.000362717956636416,-7.92188500466706,1,0.000967063075481072
"167","gzgz_24",2009,"BUCDAC_2009_20",2.50000000000001e-05,-10.5966347330961,1,0.0045299959938965
"171","gzgz_24",2009,"BUCDAC_2009_23",2.49999999999998e-05,-10.5966347330961,1,0.00047762493448321
"180","gzgz_24",2009,"BUCDAC_2009_30",2.49999999999994e-05,-10.5966347330961,1,0.000661482463602648
"182","gzgz_24",2009,"BUCDAC_2009_31",2.49999999999994e-05,-10.5966347330961,1,0.00265403752263924
"186","gzgz_24",2009,"BUCDAC_2009_34",2.49999999999994e-05,-10.5966347330961,1,7.49999999999982e-05
"191","gzgz_24",2009,"BUCDAC_2009_38",2.49999999999995e-05,-10.5966347330961,1,0.00750727718899083
"194","gzgz_24",2009,"BUCDAC_2009_4",0.000419209855989477,-7.77713891380855,1,0.000603459981349602
"199","gzgz_24",2009,"BUCDAC_2009_43",2.49999999999994e-05,-10.5966347330961,1,0.00369698397189066
"201","gzgz_24",2009,"BUCDAC_2009_44",2.49999999999996e-05,-10.5966347330961,1,0.00107724210643956
"203","gzgz_24",2009,"BUCDAC_2009_5",0.000261418860334991,-8.24938660813366,1,0.00142869753024043
"206","gzgz_24",2009,"BUCDAC_2009_7",0.000314007942458753,-8.06609227792129,1,0.00147627733020606
"208","gzgz_24",2009,"BUCDAC_2009_8",0.000793991639332639,-7.13843762658034,1,0.0087163621985896
"210","gzgz_24",2009,"BUCDAC_2009_9",0.000408232641682763,-7.80367334585963,1,0.004426156936865
"230","gzgz_5b",1997,"BUCDAC_1997_1",0.00383997026322463,-5.56229065636441,1,0.00577180258478205
"231","gzgz_5b",1998,"BUCDAC_1997_1",0.00577180258478205,-5.15477084087613,1,0.0209111894669846
"232","gzgz_5b",1999,"BUCDAC_1997_1",0.0209111894669846,-3.86747088208132,1,0.0473737143166819
"233","gzgz_5b",2001,"BUCDAC_1997_1",0.0473737143166819,-3.04968775438196,0,NA
"234","gzgz_5b",1997,"BUCDAC_1997_2",0.000504875560584151,-7.59119857373885,1,0.00591780846343301
"235","gzgz_5b",1998,"BUCDAC_1997_2",0.00591780846343301,-5.12978909061186,1,0.0141813176274857
"236","gzgz_5b",1999,"BUCDAC_1997_2",0.0141813176274857,-4.25582984065167,0,NA
"237","gzgz_5b",1997,"BUCDAC_1997_3",0.00136137389689432,-6.59926087085664,1,2.49999999999995e-05
"238","gzgz_5b",1998,"BUCDAC_1997_3",2.49999999999995e-05,-10.5966347330961,1,0.00788732829119273
"239","gzgz_5b",1999,"BUCDAC_1997_3",0.00788732829119273,-4.84249782108962,1,0.0061036789289157
"240","gzgz_5b",2001,"BUCDAC_1997_3",0.0061036789289157,-5.09886358649552,0,NA
"241","gzgz_5b",1997,"BUCDAC_1997_4",0.00211095268075319,-6.16061592592702,1,0.006974486343614
"242","gzgz_5b",1998,"BUCDAC_1997_4",0.006974486343614,-4.96549659647907,1,0.0354350465088479
"243","gzgz_5b",1999,"BUCDAC_1997_4",0.0354350465088479,-3.3400539342092,1,0.0938505921705183
"244","gzgz_5b",2001,"BUCDAC_1997_4",0.0938505921705183,-2.3660512062144,1,0.0128335790989628
"245","gzgz_5b",2002,"BUCDAC_1997_4",0.0128335790989628,-4.35569017597135,0,NA
"246","gzgz_5b",1997,"BUCDAC_1997_5",0.000710994957753419,-7.24884521995352,1,0.0028736268009958
"247","gzgz_5b",1998,"BUCDAC_1997_5",0.0028736268009958,-5.85218035327273,1,0.00535927156042217
"248","gzgz_5b",1999,"BUCDAC_1997_5",0.00535927156042217,-5.22892721604137,1,0.00274476074739625
"249","gzgz_5b",2001,"BUCDAC_1997_5",0.00274476074739625,-5.89806136723774,0,NA
"250","gzgz_5b",1998,"BUCDAC_1998_1",0.0010048160942671,-6.90295074499496,1,0.0030345743835198
"251","gzgz_5b",1999,"BUCDAC_1998_1",0.0030345743835198,-5.79768410037723,0,NA
"252","gzgz_5b",1998,"BUCDAC_1998_10",0.000453189144969955,-7.69920098106119,0,NA
"253","gzgz_5b",1998,"BUCDAC_1998_11",0.000114986604647546,-9.07069491771119,0,NA
"254","gzgz_5b",1998,"BUCDAC_1998_12",0.000420456506026882,-7.77416951784414,0,NA
"255","gzgz_5b",1998,"BUCDAC_1998_13",0.000320360324201966,-8.04606418251665,1,0.00788211407016775
"256","gzgz_5b",1999,"BUCDAC_1998_13",0.00788211407016775,-4.84315912807759,0,NA
"257","gzgz_5b",1998,"BUCDAC_1998_14",0.00116249713966808,-6.75718488100636,1,0.000949795216170251
"258","gzgz_5b",1999,"BUCDAC_1998_14",0.000949795216170251,-6.95926415853255,1,0.0126442747437587
"259","gzgz_5b",2001,"BUCDAC_1998_14",0.0126442747437587,-4.3705507556843,1,0.00287575130013826
"260","gzgz_5b",2002,"BUCDAC_1998_14",0.00287575130013826,-5.85144131708419,0,NA
"261","gzgz_5b",1998,"BUCDAC_1998_15",0.000595771386047526,-7.4256535449419,1,0.000357815233105283
"262","gzgz_5b",1999,"BUCDAC_1998_15",0.000357815233105283,-7.93549381343794,0,NA
"263","gzgz_5b",1998,"BUCDAC_1998_16",0.00107949028627903,-6.83126630640188,1,2.5e-05
"264","gzgz_5b",1999,"BUCDAC_1998_16",2.5e-05,-10.5966347330961,0,NA
"265","gzgz_5b",1998,"BUCDAC_1998_17",0.00104153057744643,-6.8670639386482,0,NA
"266","gzgz_5b",1998,"BUCDAC_1998_18",0.000194060227546681,-8.54734199580942,0,NA
"267","gzgz_5b",1998,"BUCDAC_1998_19",0.000938027640459086,-6.97173114195182,1,0.00847369418344586
"268","gzgz_5b",1999,"BUCDAC_1998_19",0.00847369418344586,-4.77078871623641,1,0.00194833998562123
"269","gzgz_5b",2001,"BUCDAC_1998_19",0.00194833998562123,-6.24077755838411,0,NA
"270","gzgz_5b",1998,"BUCDAC_1998_2",0.000723071143206227,-7.23200294063786,1,0.00437850360478591
"271","gzgz_5b",1999,"BUCDAC_1998_2",0.00437850360478591,-5.4310482557099,0,NA
"272","gzgz_5b",1998,"BUCDAC_1998_20",0.000699721052816274,-7.26482879831824,0,NA
"273","gzgz_5b",1998,"BUCDAC_1998_21",0.000946264796774081,-6.96298811605712,1,0.00315792823824034
"274","gzgz_5b",1999,"BUCDAC_1998_21",0.00315792823824034,-5.75783908720664,1,0.0134530888410794
"275","gzgz_5b",2001,"BUCDAC_1998_21",0.0134530888410794,-4.30854654568879,0,NA
"276","gzgz_5b",1998,"BUCDAC_1998_22",0.000184923468072982,-8.59556850456964,1,0.00256716291242427
"277","gzgz_5b",1999,"BUCDAC_1998_22",0.00256716291242427,-5.9649539149759,0,NA
"278","gzgz_5b",1998,"BUCDAC_1998_23",0.00046984495521211,-7.66310780021081,1,0.0048538120080337
"279","gzgz_5b",1999,"BUCDAC_1998_23",0.0048538120080337,-5.32799090171621,1,0.00218935561524029
"280","gzgz_5b",2001,"BUCDAC_1998_23",0.00218935561524029,-6.124148018067,0,NA
"281","gzgz_5b",1998,"BUCDAC_1998_24",0.000718255597891957,-7.23868506634206,1,0.00194829859715356
"282","gzgz_5b",1999,"BUCDAC_1998_24",0.00194829859715356,-6.24079880154885,0,NA
"283","gzgz_5b",1998,"BUCDAC_1998_25",0.000872865128880592,-7.04372950560543,1,0.0130268698590976
"284","gzgz_5b",1999,"BUCDAC_1998_25",0.0130268698590976,-4.34074114240661,1,0.00112582119567298
"285","gzgz_5b",2001,"BUCDAC_1998_25",0.00112582119567298,-6.78924255790161,0,NA
"286","gzgz_5b",1998,"BUCDAC_1998_26",0.000216300825845527,-8.43884040695649,0,NA
"287","gzgz_5b",1998,"BUCDAC_1998_27",0.000242901492590955,-8.32285457709666,0,NA
"288","gzgz_5b",1998,"BUCDAC_1998_28",8.40883322003645e-05,-9.38364273782353,0,NA
"289","gzgz_5b",1998,"BUCDAC_1998_29",0.000108776728833167,-9.12621313582107,0,NA
"290","gzgz_5b",1998,"BUCDAC_1998_3",0.00105550456211528,-6.8537363684538,1,0.00695310782694
"291","gzgz_5b",1999,"BUCDAC_1998_3",0.00695310782694,-4.96856655001197,0,NA
"292","gzgz_5b",1998,"BUCDAC_1998_30",0.00105643201305924,-6.8528580740822,1,0.00218872320083635
"293","gzgz_5b",1999,"BUCDAC_1998_30",0.00218872320083635,-6.12443691848881,0,NA
"294","gzgz_5b",1998,"BUCDAC_1998_31",0.000178548863254584,-8.6306482504824,0,NA
"295","gzgz_5b",1998,"BUCDAC_1998_32",2.50000000000001e-05,-10.5966347330961,0,NA
"296","gzgz_5b",1998,"BUCDAC_1998_33",2.50000000000001e-05,-10.5966347330961,0,NA
"297","gzgz_5b",1998,"BUCDAC_1998_34",2.50000000000001e-05,-10.5966347330961,1,0.00129540788815991
"298","gzgz_5b",1999,"BUCDAC_1998_34",0.00129540788815991,-6.64892966187171,0,NA
"299","gzgz_5b",1998,"BUCDAC_1998_35",2.5e-05,-10.5966347330961,0,NA
"300","gzgz_5b",1998,"BUCDAC_1998_36",2.50000000000001e-05,-10.5966347330961,0,NA
"301","gzgz_5b",1998,"BUCDAC_1998_37",2.50000000000001e-05,-10.5966347330961,0,NA
"302","gzgz_5b",1998,"BUCDAC_1998_38",2.5e-05,-10.5966347330961,0,NA
"303","gzgz_5b",1998,"BUCDAC_1998_39",2.49999999999994e-05,-10.5966347330961,1,0.00423584711940045
"304","gzgz_5b",1999,"BUCDAC_1998_39",0.00423584711940045,-5.46417194268736,0,NA
"305","gzgz_5b",1998,"BUCDAC_1998_4",0.000898054896194485,-7.01527935991084,1,0.00278367604112635
"306","gzgz_5b",1999,"BUCDAC_1998_4",0.00278367604112635,-5.88398290781879,0,NA
"307","gzgz_5b",1998,"BUCDAC_1998_40",2.49999999999995e-05,-10.5966347330961,1,2.49999999999995e-05
"308","gzgz_5b",1999,"BUCDAC_1998_40",2.49999999999995e-05,-10.5966347330961,0,NA
"309","gzgz_5b",1998,"BUCDAC_1998_41",2.49999999999995e-05,-10.5966347330961,1,0.00352280599786666
"310","gzgz_5b",1999,"BUCDAC_1998_41",0.00352280599786666,-5.64849744844935,1,0.0153185631338881
"311","gzgz_5b",2001,"BUCDAC_1998_41",0.0153185631338881,-4.17868990928445,1,2.50000000000001e-05
"312","gzgz_5b",2002,"BUCDAC_1998_41",2.50000000000001e-05,-10.5966347330961,0,NA
"313","gzgz_5b",1998,"BUCDAC_1998_5",0.000588075347074573,-7.43865547699175,0,NA
"314","gzgz_5b",1998,"BUCDAC_1998_6",0.00164885455947985,-6.40767443851832,1,0.00307920209611492
"315","gzgz_5b",1999,"BUCDAC_1998_6",0.00307920209611492,-5.78308477526136,0,NA
"316","gzgz_5b",1998,"BUCDAC_1998_7",0.000216362709056786,-8.43855434997831,0,NA
"317","gzgz_5b",1998,"BUCDAC_1998_8",0.000376711332851405,-7.88403135916504,1,4.99999999999999e-05
"318","gzgz_5b",1999,"BUCDAC_1998_8",4.99999999999999e-05,-9.90348755253613,1,0.00235887593388233
"319","gzgz_5b",2001,"BUCDAC_1998_8",0.00235887593388233,-6.04957007261352,0,NA
"320","gzgz_5b",1998,"BUCDAC_1998_9",0.000268812763689892,-8.22149546647723,0,NA
"321","gzgz_5b",1999,"BUCDAC_1999_1",0.00156370487848892,-6.4606973512828,0,NA
"322","gzgz_5b",1999,"BUCDAC_1999_10",0.00317333552536508,-5.75297202808091,0,NA
"323","gzgz_5b",1999,"BUCDAC_1999_11",0.00213358950665389,-6.14994950324978,0,NA
"324","gzgz_5b",1999,"BUCDAC_1999_12",0.00719381421806044,-4.9345337586098,0,NA
"325","gzgz_5b",1999,"BUCDAC_1999_13",0.00190550897228463,-6.26300612903661,0,NA
"326","gzgz_5b",1999,"BUCDAC_1999_14",0.00292611653234396,-5.83407915067556,0,NA
"327","gzgz_5b",1999,"BUCDAC_1999_15",0.00393517489816844,-5.53779995129785,0,NA
"328","gzgz_5b",1999,"BUCDAC_1999_16",0.000889628203343039,-7.0247069315723,0,NA
"329","gzgz_5b",1999,"BUCDAC_1999_17",0.000275686652620849,-8.19624565379834,0,NA
"330","gzgz_5b",1999,"BUCDAC_1999_18",0.001088817263532,-6.82266325119431,1,0.00133778612788289
"331","gzgz_5b",2001,"BUCDAC_1999_18",0.00133778612788289,-6.61673917468423,0,NA
"332","gzgz_5b",1999,"BUCDAC_1999_19",2.50000000000001e-05,-10.5966347330961,0,NA
"333","gzgz_5b",1999,"BUCDAC_1999_2",0.00129150956032898,-6.6519435429556,0,NA
"334","gzgz_5b",1999,"BUCDAC_1999_20",2.50000000000001e-05,-10.5966347330961,0,NA
"335","gzgz_5b",1999,"BUCDAC_1999_21",2.49999999999998e-05,-10.5966347330961,0,NA
"336","gzgz_5b",1999,"BUCDAC_1999_22",2.50000000000003e-05,-10.5966347330961,0,NA
"337","gzgz_5b",1999,"BUCDAC_1999_23",2.50000000000001e-05,-10.5966347330961,0,NA
"338","gzgz_5b",1999,"BUCDAC_1999_24",2.50000000000001e-05,-10.5966347330961,0,NA
"339","gzgz_5b",1999,"BUCDAC_1999_25",2.50000000000001e-05,-10.5966347330961,0,NA
"340","gzgz_5b",1999,"BUCDAC_1999_26",2.49999999999995e-05,-10.5966347330961,1,0.000728203612878086
"341","gzgz_5b",2001,"BUCDAC_1999_26",0.000728203612878086,-7.22492986085364,0,NA
"342","gzgz_5b",1999,"BUCDAC_1999_3",0.00369264904359492,-5.601411180502,0,NA
"343","gzgz_5b",1999,"BUCDAC_1999_4",0.00199504413037681,-6.21708910839533,0,NA
"344","gzgz_5b",1999,"BUCDAC_1999_5",0.000147752449118136,-8.81997232571978,0,NA
"345","gzgz_5b",1999,"BUCDAC_1999_6",0.00067210665439387,-7.30509351813888,0,NA
"346","gzgz_5b",1999,"BUCDAC_1999_7",0.000842036441220326,-7.07968726529942,0,NA
"347","gzgz_5b",1999,"BUCDAC_1999_8",0.00147832550469037,-6.51684524748985,0,NA
"348","gzgz_5b",1999,"BUCDAC_1999_9",0.000520987075404808,-7.55978532380305,0,NA
"349","gzgz_5b",2001,"BUCDAC_2001_1",0.0019639325629517,-6.23280640622202,0,NA
"350","gzgz_5b",2002,"BUCDAC_2002_1",0.000665397349149498,-7.31512617823289,0,NA
"351","gzgz_5b",2002,"BUCDAC_2002_2",2.49999999999998e-05,-10.5966347330961,0,NA
"352","gzgz_5b",2002,"BUCDAC_2002_3",2.49999999999994e-05,-10.5966347330961,0,NA
"353","gzgz_5b",2002,"BUCDAC_2002_4",2.4999999999999e-05,-10.5966347330961,0,NA
"354","gzgz_5b",2002,"BUCDAC_2002_5",2.4999999999999e-05,-10.5966347330961,0,NA
"355","gzgz_5b",2005,"BUCDAC_2005_1",0.00036195002115517,-7.92400441877736,1,0.00375375983978633
"356","gzgz_5b",2007,"BUCDAC_2005_1",0.00375375983978633,-5.58499731734847,1,0.0001499003611549
"357","gzgz_5b",2008,"BUCDAC_2005_1",0.0001499003611549,-8.80553974355309,0,NA
"358","gzgz_5b",2005,"BUCDAC_2005_2",0.00118028004592638,-6.74200354160592,1,0.00499417004630423
"359","gzgz_5b",2006,"BUCDAC_2005_2",0.00499417004630423,-5.29948403758326,1,0.0035424991392298
"360","gzgz_5b",2007,"BUCDAC_2005_2",0.0035424991392298,-5.64292282938329,1,0.00103782097391784
"361","gzgz_5b",2008,"BUCDAC_2005_2",0.00103782097391784,-6.87063198125428,1,0.00458312866173332
"363","gzgz_5b",2005,"BUCDAC_2005_3",0.000660749963003196,-7.32213506047201,1,0.00493388261623394
"364","gzgz_5b",2006,"BUCDAC_2005_3",0.00493388261623394,-5.31162905194964,1,0.000928994966422843
"365","gzgz_5b",2007,"BUCDAC_2005_3",0.000928994966422843,-6.98140723743977,1,0.000463100122500879
"366","gzgz_5b",2008,"BUCDAC_2005_3",0.000463100122500879,-7.677567279954,0,NA
"367","gzgz_5b",2005,"BUCDAC_2005_4",0.00353593463675948,-5.64477761945692,1,0.0115449850265485
"368","gzgz_5b",2006,"BUCDAC_2005_4",0.0115449850265485,-4.4615041331407,1,0.0168106207305288
"369","gzgz_5b",2007,"BUCDAC_2005_4",0.0168106207305288,-4.08574440597753,1,0.000886663546660867
"370","gzgz_5b",2008,"BUCDAC_2005_4",0.000886663546660867,-7.02804496366636,1,2.50000000000001e-05
"371","gzgz_5b",2009,"BUCDAC_2005_4",2.50000000000001e-05,-10.5966347330961,1,0.00203495041521849
"373","gzgz_5b",2005,"BUCDAC_2005_5",0.000199999999999996,-8.51719319141626,1,0.00405644595785056
"374","gzgz_5b",2006,"BUCDAC_2005_5",0.00405644595785056,-5.50744806857694,1,0.00221110496546938
"375","gzgz_5b",2007,"BUCDAC_2005_5",0.00221110496546938,-6.11426290402773,1,8.22226017950726e-05
"376","gzgz_5b",2008,"BUCDAC_2005_5",8.22226017950726e-05,-9.40608033268638,1,0.00677148748246122
"377","gzgz_5b",2009,"BUCDAC_2005_5",0.00677148748246122,-4.99503449943273,1,0.00421564768058327
"379","gzgz_5b",2006,"BUCDAC_2006_1",0.00250663250224705,-5.9888150592041,1,0.000170800014915267
"380","gzgz_5b",2007,"BUCDAC_2006_1",0.000170800014915267,-8.67501718928389,1,0.00111205048674572
"381","gzgz_5b",2008,"BUCDAC_2006_1",0.00111205048674572,-6.80154968243463,1,2.49999999999995e-05
"383","gzgz_5b",2006,"BUCDAC_2006_2",0.0153646098525217,-4.17568847568291,0,NA
"384","gzgz_5b",2007,"BUCDAC_2007_1",0.000644729953461563,-7.34667900564188,1,0.000159792890383611
"385","gzgz_5b",2008,"BUCDAC_2007_1",0.000159792890383611,-8.74163201633767,1,0.00109689930032848
"387","gzgz_5b",2007,"BUCDAC_2007_10",0.00208733007004865,-6.17186950812222,1,0.00194382630398875
"389","gzgz_5b",2007,"BUCDAC_2007_11",2.50000000000001e-05,-10.5966347330961,0,NA
"390","gzgz_5b",2007,"BUCDAC_2007_12",2.5e-05,-10.5966347330961,1,0.000216865987823741
"391","gzgz_5b",2008,"BUCDAC_2007_12",0.000216865987823741,-8.43623096282978,0,NA
"392","gzgz_5b",2007,"BUCDAC_2007_13",2.50000000000001e-05,-10.5966347330961,0,NA
"393","gzgz_5b",2007,"BUCDAC_2007_14",2.5e-05,-10.5966347330961,1,8.58615300462377e-05
"394","gzgz_5b",2008,"BUCDAC_2007_14",8.58615300462377e-05,-9.36277467508162,0,NA
"395","gzgz_5b",2007,"BUCDAC_2007_2",0.00107471993060474,-6.83569518101627,1,6.05222895743831e-05
"396","gzgz_5b",2008,"BUCDAC_2007_2",6.05222895743831e-05,-9.71249883806139,1,0.0022612940919475
"398","gzgz_5b",2007,"BUCDAC_2007_3",0.000552805012387206,-7.50050521828129,0,NA
"399","gzgz_5b",2007,"BUCDAC_2007_4",0.000543265002838242,-7.51791332238764,0,NA
"400","gzgz_5b",2007,"BUCDAC_2007_5",0.000182664987010023,-8.60785675492725,1,0.000439015276121863
"401","gzgz_5b",2008,"BUCDAC_2007_5",0.000439015276121863,-7.73097634795042,1,0.00227876997227827
"403","gzgz_5b",2007,"BUCDAC_2007_6",0.000595281911955828,-7.42647546302075,0,NA
"404","gzgz_5b",2007,"BUCDAC_2007_7",0.00396437520527717,-5.53040701379565,1,0.000236029811599336
"405","gzgz_5b",2008,"BUCDAC_2007_7",0.000236029811599336,-8.35155244058024,0,NA
"406","gzgz_5b",2007,"BUCDAC_2007_8",0.00249061000752849,-5.99522761556577,0,NA
"407","gzgz_5b",2007,"BUCDAC_2007_9",0.00267782231215144,-5.92275138486614,1,0.00275217251602387
"408","gzgz_5b",2008,"BUCDAC_2007_9",0.00275217251602387,-5.89536467336714,1,0.00857137625431309
"411","gzgz_5b",2009,"BUCDAC_2009_10",2.49999999999995e-05,-10.5966347330961,1,0.000166954979816586
"417","gzgz_5b",2009,"BUCDAC_2009_5",0.00240935909070766,-6.02839450431291,1,0.000246348872264821
"430","gzun_11",1998,"BUCDAC_1998_1",4.99999999999999e-05,-9.90348755253613,0,NA
"431","gzun_11",1998,"BUCDAC_1998_2",7.50000000000004e-05,-9.49802244442796,0,NA
"432","gzun_11",1998,"BUCDAC_1998_3",2.50000000000001e-05,-10.5966347330961,0,NA
"433","gzun_11",1998,"BUCDAC_1998_4",2.49999999999994e-05,-10.5966347330961,1,2.49999999999994e-05
"434","gzun_11",1999,"BUCDAC_1998_4",2.49999999999994e-05,-10.5966347330961,0,NA
"435","gzun_11",1999,"BUCDAC_1999_1",0.00213321378726024,-6.15012561607652,0,NA
"436","gzun_11",1999,"BUCDAC_1999_10",2.4999999999999e-05,-10.5966347330961,0,NA
"437","gzun_11",1999,"BUCDAC_1999_2",0.0027103854468858,-5.91066442288127,0,NA
"438","gzun_11",1999,"BUCDAC_1999_3",2.5e-05,-10.5966347330961,0,NA
"439","gzun_11",1999,"BUCDAC_1999_4",2.5e-05,-10.5966347330961,0,NA
"440","gzun_11",1999,"BUCDAC_1999_5",2.5e-05,-10.5966347330961,0,NA
"441","gzun_11",1999,"BUCDAC_1999_6",2.49999999999994e-05,-10.5966347330961,0,NA
"442","gzun_11",1999,"BUCDAC_1999_7",2.4999999999999e-05,-10.5966347330961,0,NA
"443","gzun_11",1999,"BUCDAC_1999_8",2.49999999999994e-05,-10.5966347330961,0,NA
"444","gzun_11",1999,"BUCDAC_1999_9",2.49999999999985e-05,-10.5966347330961,0,NA
"445","gzun_11",2003,"BUCDAC_2003_1",0.0059363250708171,-5.12666501201252,0,NA
"446","gzun_11",2007,"BUCDAC_2007_1",0.00256086500521091,-5.96741018490302,0,NA
"447","gzun_19",2007,"BUCDAC_2007_1",0.00429977044225042,-5.44919364323084,0,NA
"448","gzun_19",2007,"BUCDAC_2007_2",0.00196166004020036,-6.23396420492144,0,NA
"449","gzun_19",2007,"BUCDAC_2007_3",0.00390900492008874,-5.54447243351549,0,NA
"450","gzun_19",2007,"BUCDAC_2007_4",0.00275505006779594,-5.89431966311374,0,NA
"451","gzun_24",1998,"BUCDAC_1998_1",0.00136280072149552,-6.59821334275618,0,NA
"452","gzun_24",1998,"BUCDAC_1998_2",0.19290840202139,-1.64553980366136,1,0.0118351255227282
"453","gzun_24",1999,"BUCDAC_1998_2",0.0118351255227282,-4.43668343001175,0,NA
"454","gzun_5b",1998,"BUCDAC_1998_1",2.50000000000001e-05,-10.5966347330961,0,NA
"455","gzun_5b",1998,"BUCDAC_1998_2",7.50000000000002e-05,-9.49802244442796,0,NA
"456","gzun_5b",1998,"BUCDAC_1998_3",2.50000000000001e-05,-10.5966347330961,0,NA
"457","gzun_5b",1998,"BUCDAC_1998_4",5.00000000000001e-05,-9.90348755253613,0,NA
"458","gzun_5b",1998,"BUCDAC_1998_5",2.4999999999999e-05,-10.5966347330961,0,NA
"459","ungz_11",1999,"BUCDAC_1999_1",0.00178104806445441,-6.33055328769771,0,NA
"460","ungz_11",1999,"BUCDAC_1999_2",0.0052390505013765,-5.25161499909564,0,NA
"461","ungz_11",1999,"BUCDAC_1999_3",4.9999999999999e-05,-9.90348755253615,0,NA
"462","ungz_11",1999,"BUCDAC_1999_4",2.49999999999994e-05,-10.5966347330961,0,NA
"463","ungz_11",2003,"BUCDAC_2003_1",0.00243697260838506,-6.01699874429347,0,NA
"464","ungz_24",1997,"BUCDAC_1997_1",0.0545198073800265,-2.90919120517497,1,0.0852116761321842
"465","ungz_24",1998,"BUCDAC_1997_1",0.0852116761321842,-2.46261681073153,1,0.0748039511772087
"466","ungz_24",1999,"BUCDAC_1997_1",0.0748039511772087,-2.59288457217209,1,0.183037493306532
"467","ungz_24",2001,"BUCDAC_1997_1",0.183037493306532,-1.6980642656696,1,0.146689533956036
"468","ungz_24",2002,"BUCDAC_1997_1",0.146689533956036,-1.91943693955455,1,0.270954112677276
"469","ungz_24",2003,"BUCDAC_1997_1",0.270954112677276,-1.3058057983538,1,2.49999999999994e-05
"470","ungz_24",2004,"BUCDAC_1997_1",2.49999999999994e-05,-10.5966347330961,0,NA
"471","ungz_24",1997,"BUCDAC_1997_2",0.000330487348550759,-8.01494217913061,1,0.00118864359029065
"472","ungz_24",1998,"BUCDAC_1997_2",0.00118864359029065,-6.73494246206237,1,0.00208485529759459
"473","ungz_24",1999,"BUCDAC_1997_2",0.00208485529759459,-6.17305582777307,1,0.00580555212550844
"474","ungz_24",2001,"BUCDAC_1997_2",0.00580555212550844,-5.14894055629512,1,0.00557355943929844
"475","ungz_24",2002,"BUCDAC_1997_2",0.00557355943929844,-5.18972139156449,1,0.00560705943351521
"476","ungz_24",2003,"BUCDAC_1997_2",0.00560705943351521,-5.18372886201891,0,NA
"477","ungz_24",1997,"BUCDAC_1997_3",2.49999999999994e-05,-10.5966347330961,0,NA
"478","ungz_24",1998,"BUCDAC_1998_1",2.4999999999999e-05,-10.5966347330961,0,NA
"479","ungz_24",1998,"BUCDAC_1998_2",2.50000000000001e-05,-10.5966347330961,0,NA
"480","ungz_24",1998,"BUCDAC_1998_3",2.49999999999997e-05,-10.5966347330961,0,NA
"481","ungz_24",1999,"BUCDAC_1999_1",0.00363287561420502,-5.61773076409275,1,0.00631567263115227
"482","ungz_24",2001,"BUCDAC_1999_1",0.00631567263115227,-5.06472101560522,1,0.000388695920755108
"483","ungz_24",2002,"BUCDAC_1999_1",0.000388695920755108,-7.8527132147454,1,0.013044500034495
"484","ungz_24",2003,"BUCDAC_1999_1",0.013044500034495,-4.33938868734524,0,NA
"485","ungz_24",1999,"BUCDAC_1999_2",0.000716887868924036,-7.24059111882201,1,0.00517302779265591
"486","ungz_24",2001,"BUCDAC_1999_2",0.00517302779265591,-5.26429711533728,1,0.00603042875518093
"487","ungz_24",2002,"BUCDAC_1999_2",0.00603042875518093,-5.11093716709236,0,NA
"488","ungz_24",1999,"BUCDAC_1999_3",2.49999999999994e-05,-10.5966347330961,0,NA
"489","ungz_24",1999,"BUCDAC_1999_4",2.49999999999994e-05,-10.5966347330961,0,NA
"490","ungz_24",1999,"BUCDAC_1999_5",2.49999999999994e-05,-10.5966347330961,0,NA
"491","ungz_24",1999,"BUCDAC_1999_6",2.4999999999999e-05,-10.5966347330961,0,NA
"492","ungz_24",2001,"BUCDAC_2001_1",0.000617651625629863,-7.38958597202529,1,0.000310328719549931
"493","ungz_24",2002,"BUCDAC_2001_1",0.000310328719549931,-8.07787843665188,1,0.00678555978289992
"494","ungz_24",2003,"BUCDAC_2001_1",0.00678555978289992,-4.99295848609187,0,NA
"495","ungz_24",2001,"BUCDAC_2001_2",0.000729782293374828,-7.22276429655439,1,0.000933691642811295
"496","ungz_24",2002,"BUCDAC_2001_2",0.000933691642811295,-6.97636432112889,1,0.00521014463094414
"497","ungz_24",2003,"BUCDAC_2001_2",0.00521014463094414,-5.25714766334418,0,NA
"498","ungz_24",2001,"BUCDAC_2001_3",0.00664497210569711,-5.01389478461398,1,0.00317097871009641
"499","ungz_24",2002,"BUCDAC_2001_3",0.00317097871009641,-5.75371499738842,1,0.000907294978953263
"500","ungz_24",2004,"BUCDAC_2001_3",0.000907294978953263,-7.0050429358575,0,NA
"501","ungz_24",2001,"BUCDAC_2001_4",0.00175057566491235,-6.34781059376087,1,0.00660178997095875
"502","ungz_24",2003,"BUCDAC_2001_4",0.00660178997095875,-5.0204144589989,0,NA
"503","ungz_24",2001,"BUCDAC_2001_5",0.0035596896135435,-5.63808192512611,1,0.00302585773830932
"504","ungz_24",2002,"BUCDAC_2001_5",0.00302585773830932,-5.80056067783767,1,0.00410282491213581
"505","ungz_24",2003,"BUCDAC_2001_5",0.00410282491213581,-5.49607953956549,0,NA
"506","ungz_24",2001,"BUCDAC_2001_6",0.0086819507056599,-4.74650903988405,0,NA
"507","ungz_24",2001,"BUCDAC_2001_7",0.00845008877734884,-4.77357833147312,1,0.00646726890017096
"508","ungz_24",2003,"BUCDAC_2001_7",0.00646726890017096,-5.04100137702477,1,0.000278429983011972
"509","ungz_24",2004,"BUCDAC_2001_7",0.000278429983011972,-8.1863439377025,0,NA
"510","ungz_24",2003,"BUCDAC_2003_1",2.50000000000003e-05,-10.5966347330961,0,NA
"511","ungz_24",2003,"BUCDAC_2003_2",2.50000000000003e-05,-10.5966347330961,0,NA
"512","ungz_24",2003,"BUCDAC_2003_3",2.50000000000003e-05,-10.5966347330961,0,NA
"513","ungz_24",2007,"BUCDAC_2007_1",0.00279082085986245,-5.88141951141715,1,0.0225365396140436
"514","ungz_24",2008,"BUCDAC_2007_1",0.0225365396140436,-3.7926173041596,1,0.0151217244088803
"515","ungz_24",2009,"BUCDAC_2007_1",0.0151217244088803,-4.19162286652738,1,0.0237322111724818
"517","ungz_24",2007,"BUCDAC_2007_2",0.132569680826803,-2.02064687875667,1,0.228726942469966
"518","ungz_24",2008,"BUCDAC_2007_2",0.228726942469966,-1.47522637785246,1,0.302862366182388
"519","ungz_24",2009,"BUCDAC_2007_2",0.302862366182388,-1.19447681369148,1,0.20844640931517
"521","ungz_24",2008,"BUCDAC_2008_1",0.000145381784843289,-8.83614727689353,1,0.00190865717161894
"522","ungz_24",2009,"BUCDAC_2008_1",0.00190865717161894,-6.26135533568861,1,0.00169881425618845
"524","ungz_24",2008,"BUCDAC_2008_2",0.000648787558789309,-7.34040523107241,0,NA
"525","ungz_24",2008,"BUCDAC_2008_3",0.000175790853297621,-8.64621560309052,0,NA
"526","ungz_24",2008,"BUCDAC_2008_4",0.000805507537065879,-7.12403799838807,0,NA
"527","ungz_24",2008,"BUCDAC_2008_5",0.00104578473861739,-6.86298772933891,1,0.00306849662698179
"529","ungz_24",2008,"BUCDAC_2008_6",0.00126671015535232,-6.67133216833439,1,0.00102850138542833
"531","ungz_24",2008,"BUCDAC_2008_7",0.000961294074769839,-6.94723018667948,1,0.000596688820354773
"533","ungz_24",2008,"BUCDAC_2008_8",2.4999999999999e-05,-10.5966347330961,0,NA
"534","ungz_24",2009,"BUCDAC_2009_1",0.00161969551369899,-6.4255171019103,1,5.00000000000003e-05
"536","ungz_24",2009,"BUCDAC_2009_2",0.00178192945269395,-6.33005853955335,1,0.00166355534330022
"547","ungz_5b",1997,"BUCDAC_1997_1",0.00198467463717393,-6.22230028902143,1,0.00124348116847511
"548","ungz_5b",1998,"BUCDAC_1997_1",0.00124348116847511,-6.68984043880404,1,0.0203638368263558
"549","ungz_5b",1999,"BUCDAC_1997_1",0.0203638368263558,-3.89399465582252,1,0.0114817019326228
"550","ungz_5b",2000,"BUCDAC_1997_1",0.0114817019326228,-4.46700064710833,1,0.00227548357427752
"551","ungz_5b",2002,"BUCDAC_1997_1",0.00227548357427752,-6.08556268904494,1,0.00984095281269345
"552","ungz_5b",2003,"BUCDAC_1997_1",0.00984095281269345,-4.62120274204747,1,0.000382735053375715
"553","ungz_5b",2004,"BUCDAC_1997_1",0.000382735053375715,-7.86816757480762,0,NA
"554","ungz_5b",1997,"BUCDAC_1997_2",0.00218371655331048,-6.12672701280481,1,0.00343350021213444
"555","ungz_5b",1998,"BUCDAC_1997_2",0.00343350021213444,-5.67417506811981,1,0.00695887323277821
"556","ungz_5b",1999,"BUCDAC_1997_2",0.00695887323277821,-4.96773770958392,1,0.0029538871831522
"557","ungz_5b",2000,"BUCDAC_1997_2",0.0029538871831522,-5.82463328681681,1,0.000641132353909316
"558","ungz_5b",2002,"BUCDAC_1997_2",0.000641132353909316,-7.35227464199999,1,0.002994073631336
"559","ungz_5b",2003,"BUCDAC_1997_2",0.002994073631336,-5.81112040032251,0,NA
"560","ungz_5b",1997,"BUCDAC_1997_3",0.00288925641473912,-5.84675610590209,0,NA
"561","ungz_5b",1997,"BUCDAC_1997_4",0.00905907601754386,-4.70398814894661,1,0.0116810658976534
"562","ungz_5b",1998,"BUCDAC_1997_4",0.0116810658976534,-4.44978604738511,1,0.0171673574027816
"563","ungz_5b",1999,"BUCDAC_1997_4",0.0171673574027816,-4.06474552373481,1,0.0153814662801662
"564","ungz_5b",2000,"BUCDAC_1997_4",0.0153814662801662,-4.17459198263706,1,0.0221944056750957
"565","ungz_5b",2001,"BUCDAC_1997_4",0.0221944056750957,-3.8079150184777,1,0.00774882652582716
"566","ungz_5b",2002,"BUCDAC_1997_4",0.00774882652582716,-4.86021386310375,0,NA
"567","ungz_5b",1997,"BUCDAC_1997_5",0.000311308663251754,-8.07472565163393,1,0.00118784944306983
"568","ungz_5b",1998,"BUCDAC_1997_5",0.00118784944306983,-6.73561079749549,1,0.000718602889511598
"569","ungz_5b",1999,"BUCDAC_1997_5",0.000718602889511598,-7.23820166226372,1,0.00891408710541637
"570","ungz_5b",2001,"BUCDAC_1997_5",0.00891408710541637,-4.72012243275138,1,0.000829535510607379
"571","ungz_5b",2002,"BUCDAC_1997_5",0.000829535510607379,-7.09464463959682,0,NA
"572","ungz_5b",1997,"BUCDAC_1997_6",2.50000000000001e-05,-10.5966347330961,0,NA
"573","ungz_5b",1998,"BUCDAC_1998_1",0.00176058633817779,-6.34210837872119,0,NA
"574","ungz_5b",1998,"BUCDAC_1998_10",0.00102501695486015,-6.88304612520159,0,NA
"575","ungz_5b",1998,"BUCDAC_1998_11",0.00280662856519019,-5.87577131483607,1,0.00182369222795225
"576","ungz_5b",2000,"BUCDAC_1998_11",0.00182369222795225,-6.3068921362426,1,0.00166575466881938
"577","ungz_5b",2002,"BUCDAC_1998_11",0.00166575466881938,-6.39747700369237,1,0.0121268699122653
"578","ungz_5b",2003,"BUCDAC_1998_11",0.0121268699122653,-4.41233163448094,1,0.000794315095517723
"579","ungz_5b",2004,"BUCDAC_1998_11",0.000794315095517723,-7.13803032969938,0,NA
"580","ungz_5b",1998,"BUCDAC_1998_12",0.000779869070664263,-7.15638451049313,0,NA
"581","ungz_5b",1998,"BUCDAC_1998_13",0.000928088464547916,-6.98238350154488,1,2.50000000000001e-05
"582","ungz_5b",1999,"BUCDAC_1998_13",2.50000000000001e-05,-10.5966347330961,0,NA
"583","ungz_5b",1998,"BUCDAC_1998_14",0.00260689808068232,-5.94959423927817,1,0.00368613484329129
"584","ungz_5b",1999,"BUCDAC_1998_14",0.00368613484329129,-5.60317683785038,1,0.000149999999999996
"585","ungz_5b",2000,"BUCDAC_1998_14",0.000149999999999996,-8.80487526386804,1,0.00957648978806868
"586","ungz_5b",2001,"BUCDAC_1998_14",0.00957648978806868,-4.64844416457532,1,0.000115755393578286
"587","ungz_5b",2002,"BUCDAC_1998_14",0.000115755393578286,-9.06403126929488,0,NA
"588","ungz_5b",1998,"BUCDAC_1998_15",0.00100812350714434,-6.89966458990986,1,0.00311085104247453
"589","ungz_5b",1999,"BUCDAC_1998_15",0.00311085104247453,-5.77285894312761,1,0.00313957929107658
"590","ungz_5b",2000,"BUCDAC_1998_15",0.00313957929107658,-5.76366647177217,1,0.000548251147793927
"591","ungz_5b",2002,"BUCDAC_1998_15",0.000548251147793927,-7.50877707710909,0,NA
"592","ungz_5b",1998,"BUCDAC_1998_16",0.00102104990072946,-6.88692386662619,1,0.00037086414331437
"593","ungz_5b",1999,"BUCDAC_1998_16",0.00037086414331437,-7.89967475294827,0,NA
"594","ungz_5b",1998,"BUCDAC_1998_17",2.50000000000001e-05,-10.5966347330961,1,0.00134119911672687
"595","ungz_5b",1999,"BUCDAC_1998_17",0.00134119911672687,-6.61419120194171,0,NA
"596","ungz_5b",1998,"BUCDAC_1998_18",2.49999999999995e-05,-10.5966347330961,0,NA
"597","ungz_5b",1998,"BUCDAC_1998_19",2.49999999999995e-05,-10.5966347330961,0,NA
"598","ungz_5b",1998,"BUCDAC_1998_2",0.00029374269569677,-8.13280635852819,0,NA
"599","ungz_5b",1998,"BUCDAC_1998_3",0.000179583214402443,-8.62487186747482,0,NA
"600","ungz_5b",1998,"BUCDAC_1998_4",0.00126383772618703,-6.67360237268019,1,0.00188669370719237
"601","ungz_5b",2000,"BUCDAC_1998_4",0.00188669370719237,-6.27292934310374,1,2.49999999999995e-05
"602","ungz_5b",2002,"BUCDAC_1998_4",2.49999999999995e-05,-10.5966347330961,1,0.000605920024096614
"603","ungz_5b",2003,"BUCDAC_1998_4",0.000605920024096614,-7.40876255404215,0,NA
"604","ungz_5b",1998,"BUCDAC_1998_5",0.00156227553212985,-6.46161184611062,1,0.0024913442679278
"605","ungz_5b",1999,"BUCDAC_1998_5",0.0024913442679278,-5.99493284754342,0,NA
"606","ungz_5b",1998,"BUCDAC_1998_6",0.00161388490036035,-6.42911102496084,1,2.49999999999995e-05
"607","ungz_5b",2000,"BUCDAC_1998_6",2.49999999999995e-05,-10.5966347330961,1,0.000238205389123713
"608","ungz_5b",2002,"BUCDAC_1998_6",0.000238205389123713,-8.34237727693413,1,0.00678265995874036
"609","ungz_5b",2003,"BUCDAC_1998_6",0.00678265995874036,-4.9933859296709,1,0.000672475052862839
"610","ungz_5b",2004,"BUCDAC_1998_6",0.000672475052862839,-7.30454554329109,0,NA
"611","ungz_5b",1998,"BUCDAC_1998_7",0.00150955563935135,-6.495939950039,0,NA
"612","ungz_5b",1998,"BUCDAC_1998_8",0.00116264128682486,-6.75706089083415,0,NA
"613","ungz_5b",1998,"BUCDAC_1998_9",0.00049034162573119,-7.62040821441761,0,NA
"614","ungz_5b",1999,"BUCDAC_1999_1",0.000606674463103982,-7.40751821537382,0,NA
"615","ungz_5b",1999,"BUCDAC_1999_2",0.000683074348147968,-7.2889068490499,1,4.99999999999993e-05
"616","ungz_5b",2000,"BUCDAC_1999_2",4.99999999999993e-05,-9.90348755253614,1,0.000624815919226671
"617","ungz_5b",2001,"BUCDAC_1999_2",0.000624815919226671,-7.37805348084745,1,0.000372701817864037
"618","ungz_5b",2002,"BUCDAC_1999_2",0.000372701817864037,-7.89473187393786,0,NA
"619","ungz_5b",1999,"BUCDAC_1999_3",0.00067621877859136,-7.29899389731099,0,NA
"620","ungz_5b",2000,"BUCDAC_2000_1",0.000923269820976536,-6.98758903576285,1,0.00116806576163703
"621","ungz_5b",2001,"BUCDAC_2000_1",0.00116806576163703,-6.75240609338961,0,NA
"622","ungz_5b",2000,"BUCDAC_2000_2",0.000236331350941742,-8.35027570825218,1,0.00163483690049652
"623","ungz_5b",2002,"BUCDAC_2000_2",0.00163483690049652,-6.41621223465679,1,0.00127853003377828
"624","ungz_5b",2003,"BUCDAC_2000_2",0.00127853003377828,-6.66204427209067,0,NA
"625","ungz_5b",2000,"BUCDAC_2000_3",0.0225731335014146,-3.7909948629903,1,0.00951575521585661
"626","ungz_5b",2001,"BUCDAC_2000_3",0.00951575521585661,-4.65480641030055,1,0.00136664678212216
"627","ungz_5b",2002,"BUCDAC_2000_3",0.00136664678212216,-6.59539514371254,1,0.0164902700405391
"628","ungz_5b",2003,"BUCDAC_2000_3",0.0164902700405391,-4.10498476652658,0,NA
"629","ungz_5b",2000,"BUCDAC_2000_4",2.49999999999998e-05,-10.5966347330961,1,0.00106320796930705
"630","ungz_5b",2002,"BUCDAC_2000_4",0.00106320796930705,-6.84646455500731,0,NA
"631","ungz_5b",2000,"BUCDAC_2000_5",2.49999999999998e-05,-10.5966347330961,1,4.99999999999997e-05
"632","ungz_5b",2002,"BUCDAC_2000_5",4.99999999999997e-05,-9.90348755253613,0,NA
"633","ungz_5b",2000,"BUCDAC_2000_6",2.49999999999998e-05,-10.5966347330961,1,2.4999999999999e-05
"634","ungz_5b",2002,"BUCDAC_2000_6",2.4999999999999e-05,-10.5966347330961,0,NA
"635","ungz_5b",2000,"BUCDAC_2000_7",2.49999999999998e-05,-10.5966347330961,0,NA
"636","ungz_5b",2000,"BUCDAC_2000_8",2.49999999999998e-05,-10.5966347330961,0,NA
"637","ungz_5b",2000,"BUCDAC_2000_9",2.50000000000003e-05,-10.5966347330961,0,NA
"638","ungz_5b",2002,"BUCDAC_2002_1",0.000546411297648064,-7.51213857340596,0,NA
"639","ungz_5b",2002,"BUCDAC_2002_10",2.49999999999994e-05,-10.5966347330961,0,NA
"640","ungz_5b",2002,"BUCDAC_2002_2",0.00128094021816256,-6.66016092525757,0,NA
"641","ungz_5b",2002,"BUCDAC_2002_3",0.000288816299178121,-8.14971971494077,1,0.000264650052024771
"642","ungz_5b",2003,"BUCDAC_2002_3",0.000264650052024771,-8.23710216308077,1,2.4999999999999e-05
"643","ungz_5b",2004,"BUCDAC_2002_3",2.4999999999999e-05,-10.5966347330961,0,NA
"644","ungz_5b",2002,"BUCDAC_2002_4",0.000224263477667561,-8.40268895774971,1,0.00152388829602096
"645","ungz_5b",2003,"BUCDAC_2002_4",0.00152388829602096,-6.48649012097818,1,0.000117894958256731
"646","ungz_5b",2004,"BUCDAC_2002_4",0.000117894958256731,-9.04571651421291,0,NA
"647","ungz_5b",2002,"BUCDAC_2002_5",2.49999999999998e-05,-10.5966347330961,0,NA
"648","ungz_5b",2002,"BUCDAC_2002_6",2.49999999999998e-05,-10.5966347330961,0,NA
"649","ungz_5b",2002,"BUCDAC_2002_7",2.49999999999994e-05,-10.5966347330961,0,NA
"650","ungz_5b",2002,"BUCDAC_2002_8",2.5e-05,-10.5966347330961,0,NA
"651","ungz_5b",2002,"BUCDAC_2002_9",2.5e-05,-10.5966347330961,0,NA
"652","ungz_5b",2003,"BUCDAC_2003_1",0.000225793305583723,-8.39589055423594,0,NA
"653","ungz_5b",2003,"BUCDAC_2003_2",0.00101611491865744,-6.89176882730737,0,NA
"654","ungz_5b",2004,"BUCDAC_2004_1",0.000259404933015132,-8.2571202692422,0,NA
"655","ungz_5b",2004,"BUCDAC_2004_10",2.49999999999994e-05,-10.5966347330961,0,NA
"656","ungz_5b",2004,"BUCDAC_2004_2",0.00177934008007347,-6.33151272495153,1,2.49999999999985e-05
"657","ungz_5b",2006,"BUCDAC_2004_2",2.49999999999985e-05,-10.5966347330961,0,NA
"658","ungz_5b",2004,"BUCDAC_2004_3",0.00130592998193949,-6.64083986216886,0,NA
"659","ungz_5b",2004,"BUCDAC_2004_4",0.000317090072971794,-8.05632468258079,0,NA
"660","ungz_5b",2004,"BUCDAC_2004_5",0.000340949996729925,-7.98377472858868,0,NA
"661","ungz_5b",2004,"BUCDAC_2004_6",0.00100855998019266,-6.89923172768049,0,NA
"662","ungz_5b",2004,"BUCDAC_2004_7",0.000483160030699124,-7.63516263268898,0,NA
"663","ungz_5b",2004,"BUCDAC_2004_8",0.000677679951434865,-7.2968354295048,0,NA
"664","ungz_5b",2004,"BUCDAC_2004_9",0.000446554973630114,-7.71394804399446,0,NA
"665","ungz_5b",2006,"BUCDAC_2006_1",0.00299992506614687,-5.80916796857703,1,0.00603025979894741
"666","ungz_5b",2007,"BUCDAC_2006_1",0.00603025979894741,-5.11096518476859,1,0.00186029277318137
"667","ungz_5b",2008,"BUCDAC_2006_1",0.00186029277318137,-6.28702139870766,1,0.0343667878622959
"668","ungz_5b",2009,"BUCDAC_2006_1",0.0343667878622959,-3.3706646500876,1,0.00977901817307437
"670","ungz_5b",2006,"BUCDAC_2006_10",2.5e-05,-10.5966347330961,0,NA
"671","ungz_5b",2006,"BUCDAC_2006_11",2.50000000000003e-05,-10.5966347330961,0,NA
"672","ungz_5b",2006,"BUCDAC_2006_12",2.49999999999998e-05,-10.5966347330961,0,NA
"673","ungz_5b",2006,"BUCDAC_2006_13",2.5e-05,-10.5966347330961,1,0.000598425039769343
"674","ungz_5b",2007,"BUCDAC_2006_13",0.000598425039769343,-7.42120928764514,0,NA
"675","ungz_5b",2006,"BUCDAC_2006_14",2.4999999999999e-05,-10.5966347330961,0,NA
"676","ungz_5b",2006,"BUCDAC_2006_15",2.4999999999999e-05,-10.5966347330961,0,NA
"677","ungz_5b",2006,"BUCDAC_2006_16",2.4999999999999e-05,-10.5966347330961,0,NA
"678","ungz_5b",2006,"BUCDAC_2006_17",2.4999999999999e-05,-10.5966347330961,0,NA
"679","ungz_5b",2006,"BUCDAC_2006_18",2.4999999999999e-05,-10.5966347330961,1,0.00111859952053644
"680","ungz_5b",2007,"BUCDAC_2006_18",0.00111859952053644,-6.79567780420513,1,0.000767918672450051
"681","ungz_5b",2008,"BUCDAC_2006_18",0.000767918672450051,-7.17182672567123,1,0.0101518887462971
"683","ungz_5b",2006,"BUCDAC_2006_2",0.000983854990690254,-6.92403203895633,1,0.00121243501586623
"684","ungz_5b",2007,"BUCDAC_2006_2",0.00121243501586623,-6.71512453175078,1,0.000591022425436584
"685","ungz_5b",2008,"BUCDAC_2006_2",0.000591022425436584,-7.43365659637691,1,0.00586072958973859
"687","ungz_5b",2006,"BUCDAC_2006_3",0.000801999969058473,-7.12840198867822,1,0.00870340521390609
"688","ungz_5b",2007,"BUCDAC_2006_3",0.00870340521390609,-4.74404092600287,1,0.00458936571928609
"689","ungz_5b",2008,"BUCDAC_2006_3",0.00458936571928609,-5.38401345197783,1,0.00843366377624485
"690","ungz_5b",2009,"BUCDAC_2006_3",0.00843366377624485,-4.77552398973047,1,0.0357891607062534
"692","ungz_5b",2006,"BUCDAC_2006_4",0.0106589525703946,-4.54135512300878,1,0.00456205508180488
"693","ungz_5b",2007,"BUCDAC_2006_4",0.00456205508180488,-5.38998208114529,1,0.00255947388484601
"694","ungz_5b",2008,"BUCDAC_2006_4",0.00255947388484601,-5.96795355534353,1,0.000186819137722107
"696","ungz_5b",2006,"BUCDAC_2006_5",0.000848449920206554,-7.07209949659158,1,0.00210095496458692
"697","ungz_5b",2007,"BUCDAC_2006_5",0.00210095496458692,-6.16536329257656,0,NA
"698","ungz_5b",2006,"BUCDAC_2006_6",2.49999999999998e-05,-10.5966347330961,0,NA
"699","ungz_5b",2006,"BUCDAC_2006_7",2.49999999999994e-05,-10.5966347330961,0,NA
"700","ungz_5b",2006,"BUCDAC_2006_8",2.49999999999998e-05,-10.5966347330961,0,NA
"701","ungz_5b",2006,"BUCDAC_2006_9",2.49999999999998e-05,-10.5966347330961,0,NA
"702","ungz_5b",2007,"BUCDAC_2007_1",0.00213531497563968,-6.14914111360934,1,0.000856338438578463
"703","ungz_5b",2008,"BUCDAC_2007_1",0.000856338438578463,-7.06284488779041,1,0.0022125995509572
"705","ungz_5b",2007,"BUCDAC_2007_10",2.49999999999995e-05,-10.5966347330961,0,NA
"706","ungz_5b",2007,"BUCDAC_2007_2",0.00227276993447165,-6.08675595592096,1,0.00069004727724351
"707","ungz_5b",2008,"BUCDAC_2007_2",0.00069004727724351,-7.27875044497598,1,0.00240462961927381
"709","ungz_5b",2007,"BUCDAC_2007_3",0.000830159996417094,-7.09389210898317,0,NA
"710","ungz_5b",2007,"BUCDAC_2007_4",0.000884335028418211,-7.03067457570242,1,0.000224544410498573
"711","ungz_5b",2008,"BUCDAC_2007_4",0.000224544410498573,-8.40143705075293,0,NA
"712","ungz_5b",2007,"BUCDAC_2007_5",0.00344888000277945,-5.66970573752035,1,0.00436829287919521
"713","ungz_5b",2008,"BUCDAC_2007_5",0.00436829287919521,-5.43338299168955,1,0.00459396537807991
"715","ungz_5b",2007,"BUCDAC_2007_6",0.000825470044430843,-7.09955758305071,1,0.000804920015687213
"716","ungz_5b",2008,"BUCDAC_2007_6",0.000804920015687213,-7.12476764487695,0,NA
"717","ungz_5b",2007,"BUCDAC_2007_7",2.49999999999998e-05,-10.5966347330961,1,0.00221835162960472
"719","ungz_5b",2007,"BUCDAC_2007_8",2.50000000000001e-05,-10.5966347330961,0,NA
"720","ungz_5b",2007,"BUCDAC_2007_9",2.49999999999995e-05,-10.5966347330961,0,NA
"721","ungz_5b",2008,"BUCDAC_2008_1",0.000215804189683695,-8.44113909066839,1,0.00354218611299429
"723","ungz_5b",2008,"BUCDAC_2008_2",0.000181806509699558,-8.61256756993369,0,NA
"724","ungz_5b",2008,"BUCDAC_2008_3",0.000502357472670917,-7.59619859473926,1,0.000957693739683884
"726","ungz_5b",2008,"BUCDAC_2008_4",0.000309877934137503,-8.07933209887601,0,NA
"727","ungz_5b",2008,"BUCDAC_2008_5",0.000261937687635835,-8.24740391594105,1,0.00185519034349777
"749","unun_11",2003,"BUCDAC_2003_1",2.5e-05,-10.5966347330961,0,NA
"750","unun_11",2005,"BUCDAC_2005_1",0.000775482444967273,-7.16202521265448,0,NA
"751","unun_11",2005,"BUCDAC_2005_10",0.000300359982312598,-8.11052886161993,0,NA
"752","unun_11",2005,"BUCDAC_2005_11",0.00136605990684619,-6.59582466312446,0,NA
"753","unun_11",2005,"BUCDAC_2005_12",0.00035077003926216,-7.95537970800598,0,NA
"754","unun_11",2005,"BUCDAC_2005_13",0.0014046350133736,-6.5679777869026,0,NA
"755","unun_11",2005,"BUCDAC_2005_14",0.000377400022244182,-7.88220486608923,0,NA
"756","unun_11",2005,"BUCDAC_2005_15",0.000721074969717928,-7.23476744589359,0,NA
"757","unun_11",2005,"BUCDAC_2005_16",0.00180920993213228,-6.31486503058333,0,NA
"758","unun_11",2005,"BUCDAC_2005_2",0.00199636318162811,-6.21642816292111,0,NA
"759","unun_11",2005,"BUCDAC_2005_3",0.000590520029764859,-7.4345070028939,0,NA
"760","unun_11",2005,"BUCDAC_2005_4",0.000401626661009768,-7.81998760481376,1,0.000782495073509291
"761","unun_11",2007,"BUCDAC_2005_4",0.000782495073509291,-7.15302293140456,0,NA
"762","unun_11",2005,"BUCDAC_2005_5",0.00140683002771813,-6.56641631289639,0,NA
"763","unun_11",2005,"BUCDAC_2005_6",0.00145077008010866,-6.53566077379778,0,NA
"764","unun_11",2005,"BUCDAC_2005_7",0.00134394996504631,-6.61214226596233,0,NA
"765","unun_11",2005,"BUCDAC_2005_8",0.000401484983188933,-7.82034042704795,0,NA
"766","unun_11",2005,"BUCDAC_2005_9",0.00144283001779019,-6.5411488039183,0,NA
"767","unun_19",1999,"BUCDAC_1999_1",7.49999999999969e-05,-9.498022444428,0,NA
"768","unun_19",1999,"BUCDAC_1999_2",4.99999999999988e-05,-9.90348755253615,0,NA
"769","unun_24",1997,"BUCDAC_1997_1",0.227462948573194,-1.48076791726935,1,0.443264540323182
"770","unun_24",1998,"BUCDAC_1997_1",0.443264540323182,-0.813588530678249,1,0.322060948039268
"771","unun_24",1999,"BUCDAC_1997_1",0.322060948039268,-1.1330144717238,1,0.578628523272733
"772","unun_24",2001,"BUCDAC_1997_1",0.578628523272733,-0.547094590605848,1,0.161761790209233
"773","unun_24",2003,"BUCDAC_1997_1",0.161761790209233,-1.82163045670128,1,0.137605212910068
"774","unun_24",2004,"BUCDAC_1997_1",0.137605212910068,-1.98336646967965,1,0.00313705494269067
"775","unun_24",2005,"BUCDAC_1997_1",0.00313705494269067,-5.76447083552127,1,0.000925680048678636
"776","unun_24",2007,"BUCDAC_1997_1",0.000925680048678636,-6.9849819028093,1,0.00129940434775888
"777","unun_24",2009,"BUCDAC_1997_1",0.00129940434775888,-6.64584931354924,1,2.4999999999999e-05
"779","unun_24",1998,"BUCDAC_1998_1",0.000227534831728094,-8.38820722479575,0,NA
"780","unun_24",1998,"BUCDAC_1998_2",0.000278136159691835,-8.18739978111406,0,NA
"781","unun_24",1998,"BUCDAC_1998_3",0.000192282290844615,-8.55654600090186,0,NA
"782","unun_24",1998,"BUCDAC_1998_4",0.000393281277266829,-7.84098548386296,0,NA
"783","unun_24",1998,"BUCDAC_1998_5",8.77157513970276e-05,-9.34140906927395,0,NA
"784","unun_24",1999,"BUCDAC_1999_1",2.49999999999998e-05,-10.5966347330961,0,NA
"785","unun_24",1999,"BUCDAC_1999_2",2.49999999999998e-05,-10.5966347330961,0,NA
"786","unun_24",2003,"BUCDAC_2003_1",0.000425110070316824,-7.76316243359095,0,NA
"787","unun_24",2003,"BUCDAC_2003_10",0.000206350074325296,-8.48593644157531,0,NA
"788","unun_24",2003,"BUCDAC_2003_11",9.38800105076036e-05,-9.27349307505556,0,NA
"789","unun_24",2003,"BUCDAC_2003_2",0.000458099947246775,-7.68842317222815,0,NA
"790","unun_24",2003,"BUCDAC_2003_3",0.000295979984651337,-8.12521872534767,0,NA
"791","unun_24",2003,"BUCDAC_2003_4",0.000110922513305785,-9.10667867874833,0,NA
"792","unun_24",2003,"BUCDAC_2003_5",0.000454399886230811,-7.6965329409297,0,NA
"793","unun_24",2003,"BUCDAC_2003_6",0.000221564958479115,-8.41479474520183,0,NA
"794","unun_24",2003,"BUCDAC_2003_7",0.000123444992273931,-8.99971490780808,0,NA
"795","unun_24",2003,"BUCDAC_2003_8",0.00140947511665834,-6.56453790158627,0,NA
"796","unun_24",2003,"BUCDAC_2003_9",2.54100181772212e-05,-10.5803670452755,0,NA
"797","unun_24",2004,"BUCDAC_2004_1",2.49999999999998e-05,-10.5966347330961,0,NA
"798","unun_24",2007,"BUCDAC_2007_1",0.00301487717323425,-5.80419618819526,1,0.0017796893620107
"799","unun_24",2008,"BUCDAC_2007_1",0.0017796893620107,-6.33131644563211,1,0.00745481981836084
"800","unun_24",2009,"BUCDAC_2007_1",0.00745481981836084,-4.89889450029147,1,0.00713112897348705
"802","unun_24",2007,"BUCDAC_2007_10",0.00130136499423042,-6.64434156981256,0,NA
"803","unun_24",2007,"BUCDAC_2007_11",0.00171270520129421,-6.36968116943314,1,7.50657756708081e-05
"804","unun_24",2008,"BUCDAC_2007_11",7.50657756708081e-05,-9.4971458198315,0,NA
"805","unun_24",2007,"BUCDAC_2007_12",0.00113148997894109,-6.78421994936729,1,0.000498985323274011
"806","unun_24",2008,"BUCDAC_2007_12",0.000498985323274011,-7.60293387492184,1,0.000238482192975224
"808","unun_24",2007,"BUCDAC_2007_13",0.00277375499139835,-5.88755328420639,1,0.00211060633992915
"809","unun_24",2008,"BUCDAC_2007_13",0.00211060633992915,-6.16078000788021,1,0.00480847096825457
"810","unun_24",2009,"BUCDAC_2007_13",0.00480847096825457,-5.3373761314187,1,0.0837965891236898
"812","unun_24",2007,"BUCDAC_2007_14",0.000397345004519183,-7.8307056256486,0,NA
"813","unun_24",2007,"BUCDAC_2007_15",0.0020594600419643,-6.18531144609025,1,0.00180329980990578
"814","unun_24",2008,"BUCDAC_2007_15",0.00180329980990578,-6.3181370646657,1,0.00594155372840522
"815","unun_24",2009,"BUCDAC_2007_15",0.00594155372840522,-5.12578460937258,1,0.0027078713206708
"817","unun_24",2007,"BUCDAC_2007_16",0.00144070001669985,-6.54262616080537,1,0.0017382730401055
"818","unun_24",2008,"BUCDAC_2007_16",0.0017382730401055,-6.3548631643021,0,NA
"819","unun_24",2007,"BUCDAC_2007_17",0.00199220498913647,-6.2185132189212,1,0.00283544378715318
"820","unun_24",2008,"BUCDAC_2007_17",0.00283544378715318,-5.86555681537495,1,0.00129406561532119
"821","unun_24",2009,"BUCDAC_2007_17",0.00129406561532119,-6.64996637683105,1,0.00136239030590487
"823","unun_24",2007,"BUCDAC_2007_18",0.00169821502545655,-6.37817756456597,1,0.000649696688246877
"824","unun_24",2008,"BUCDAC_2007_18",0.000649696688246877,-7.33900493744821,1,0.00131453380921737
"826","unun_24",2007,"BUCDAC_2007_19",0.00451397501737508,-5.40057713507816,1,0.00225670506577511
"827","unun_24",2008,"BUCDAC_2007_19",0.00225670506577511,-6.09384946501775,1,0.0143777937174658
"828","unun_24",2009,"BUCDAC_2007_19",0.0143777937174658,-4.24207036561854,1,2.4999999999999e-05
"830","unun_24",2007,"BUCDAC_2007_2",0.0126094911219855,-4.37330548493574,1,0.00585460478893733
"831","unun_24",2008,"BUCDAC_2007_2",0.00585460478893733,-5.14052678396518,1,0.00409047101644056
"832","unun_24",2009,"BUCDAC_2007_2",0.00409047101644056,-5.49909515261427,1,0.0105856847861211
"834","unun_24",2007,"BUCDAC_2007_20",0.000719776501062197,-7.23656980933433,1,0.000398145201942608
"835","unun_24",2008,"BUCDAC_2007_20",0.000398145201942608,-7.82869379021223,1,0.000639650821320549
"836","unun_24",2009,"BUCDAC_2007_20",0.000639650821320549,-7.3545881221865,1,0.000744269916767499
"838","unun_24",2007,"BUCDAC_2007_21",0.00381534990205268,-5.5687229010065,1,0.00228720551824681
"839","unun_24",2008,"BUCDAC_2007_21",0.00228720551824681,-6.08042450429433,1,0.0028785834036921
"841","unun_24",2007,"BUCDAC_2007_22",0.00506012501936058,-5.28636408860447,1,0.00365203993188307
"842","unun_24",2008,"BUCDAC_2007_22",0.00365203993188307,-5.61246938205863,1,0.00629638348291226
"843","unun_24",2009,"BUCDAC_2007_22",0.00629638348291226,-5.06777986074601,1,0.0119312320331617
"845","unun_24",2007,"BUCDAC_2007_23",0.000644934983318608,-7.34636104730569,1,0.00115444549580016
"846","unun_24",2008,"BUCDAC_2007_23",0.00115444549580016,-6.76413514050489,1,0.00160567344327633
"848","unun_24",2007,"BUCDAC_2007_24",0.00299519510751011,-5.81074590512581,1,0.00390383057705915
"849","unun_24",2008,"BUCDAC_2007_24",0.00390383057705915,-5.54579700864266,1,2.4999999999999e-05
"851","unun_24",2007,"BUCDAC_2007_25",0.00783288996962603,-4.84942374772416,1,0.00543937502897765
"852","unun_24",2008,"BUCDAC_2007_25",0.00543937502897765,-5.21409110909311,1,0.00592050870114049
"854","unun_24",2007,"BUCDAC_2007_26",0.0015325749474589,-6.48080598599319,0,NA
"855","unun_24",2007,"BUCDAC_2007_27",0.0064679401612381,-5.04089758881933,1,0.00106111888664109
"856","unun_24",2008,"BUCDAC_2007_27",0.00106111888664109,-6.84843137412798,1,0.00103206540404039
"857","unun_24",2009,"BUCDAC_2007_27",0.00103206540404039,-6.87619323792281,1,0.000539650688350188
"859","unun_24",2007,"BUCDAC_2007_28",0.00145758001684005,-6.5309777411848,1,0.000610571194556108
"860","unun_24",2008,"BUCDAC_2007_28",0.000610571194556108,-7.4011156544132,0,NA
"861","unun_24",2007,"BUCDAC_2007_29",0.00940498512644949,-4.6665153976818,1,0.00127720609744952
"862","unun_24",2008,"BUCDAC_2007_29",0.00127720609744952,-6.66308032305931,1,0.00382748731004163
"863","unun_24",2009,"BUCDAC_2007_29",0.00382748731004163,-5.56554674590713,1,0.000174999999999992
"865","unun_24",2007,"BUCDAC_2007_3",0.00231517507117941,-6.06826996960381,1,0.0018940970795016
"866","unun_24",2008,"BUCDAC_2007_3",0.0018940970795016,-6.26901302919517,1,0.00476812053427102
"868","unun_24",2007,"BUCDAC_2007_30",0.00251096002021094,-5.98709012079288,1,0.000256467149564962
"869","unun_24",2008,"BUCDAC_2007_30",0.000256467149564962,-8.26850997342684,1,0.000172083122112499
"871","unun_24",2007,"BUCDAC_2007_31",0.00344419004834612,-5.67106651149254,1,0.000366960562569819
"872","unun_24",2008,"BUCDAC_2007_31",0.000366960562569819,-7.91025617462165,1,0.00190882994933641
"873","unun_24",2009,"BUCDAC_2007_31",0.00190882994933641,-6.26126481660519,1,0.0021441692184506
"875","unun_24",2007,"BUCDAC_2007_32",0.000341494932286215,-7.98217771863538,1,0.000478020465326559
"876","unun_24",2008,"BUCDAC_2007_32",0.000478020465326559,-7.64585701189862,1,0.00197946391922972
"878","unun_24",2007,"BUCDAC_2007_33",0.000207518680009386,-8.48028919820383,1,0.00153851446527984
"879","unun_24",2009,"BUCDAC_2007_33",0.00153851446527984,-6.47693796104954,1,0.00240951937404863
"881","unun_24",2007,"BUCDAC_2007_34",0.0049847649639865,-5.30136902532851,1,0.00166849713459882
"882","unun_24",2009,"BUCDAC_2007_34",0.00166849713459882,-6.39583197712594,1,0.00088857612717439
"884","unun_24",2007,"BUCDAC_2007_35",0.00404571872119769,-5.5100960628713,1,0.00178051656575239
"885","unun_24",2008,"BUCDAC_2007_35",0.00178051656575239,-6.33085175130074,1,0.00390677709326055
"886","unun_24",2009,"BUCDAC_2007_35",0.00390677709326055,-5.54504251770789,1,0.00652886676280294
"888","unun_24",2007,"BUCDAC_2007_36",0.00858284500587999,-4.75798983467778,1,0.000381921458092834
"889","unun_24",2008,"BUCDAC_2007_36",0.000381921458092834,-7.87029557758456,0,NA
"890","unun_24",2007,"BUCDAC_2007_37",0.00438196496876537,-5.43025803218921,1,0.00218421705855726
"891","unun_24",2009,"BUCDAC_2007_37",0.00218421705855726,-6.12649784025163,1,0.00144752685388312
"893","unun_24",2007,"BUCDAC_2007_38",0.000893610065540715,-7.0202410462388,1,0.000734232192530015
"894","unun_24",2008,"BUCDAC_2007_38",0.000734232192530015,-7.21668524077751,1,0.000550937475111939
"896","unun_24",2007,"BUCDAC_2007_39",0.0138955300297203,-4.27618807115928,1,0.00743178523246655
"897","unun_24",2009,"BUCDAC_2007_39",0.00743178523246655,-4.90198917556488,1,0.0105945817702647
"899","unun_24",2007,"BUCDAC_2007_4",0.00597669532415025,-5.11988748515063,1,0.00501272855675014
"900","unun_24",2008,"BUCDAC_2007_4",0.00501272855675014,-5.29577489003234,1,0.00539954550521175
"901","unun_24",2009,"BUCDAC_2007_4",0.00539954550521175,-5.22144049465557,1,0.00731635209424336
"903","unun_24",2007,"BUCDAC_2007_40",0.00630712504699393,-5.06607532479764,1,0.00359181908914284
"904","unun_24",2008,"BUCDAC_2007_40",0.00359181908914284,-5.6290964947485,1,0.00698838237503625
"905","unun_24",2009,"BUCDAC_2007_40",0.00698838237503625,-4.96350616939849,1,0.0104056396044508
"907","unun_24",2007,"BUCDAC_2007_41",0.00250349507335116,-5.99006749410068,1,0.000681466001518773
"908","unun_24",2008,"BUCDAC_2007_41",0.000681466001518773,-7.29126419579219,1,0.0050440244385289
"909","unun_24",2009,"BUCDAC_2007_41",0.0050440244385289,-5.28955101582203,1,0.00516504521220525
"911","unun_24",2007,"BUCDAC_2007_42",0.00205313992197042,-6.18838498838691,1,0.0010045828024144
"913","unun_24",2007,"BUCDAC_2007_43",0.0047709299472624,-5.34521403558627,1,0.00116123489427624
"914","unun_24",2009,"BUCDAC_2007_43",0.00116123489427624,-6.75827127607907,1,0.00103858216952949
"916","unun_24",2007,"BUCDAC_2007_44",0.00386258997653957,-5.55641734213262,1,0.0010140183844688
"917","unun_24",2008,"BUCDAC_2007_44",0.0010140183844688,-6.89383424333766,0,NA
"918","unun_24",2007,"BUCDAC_2007_45",0.00379269200884303,-5.57467921945546,1,0.00255565517004556
"919","unun_24",2008,"BUCDAC_2007_45",0.00255565517004556,-5.96944666156585,1,0.0116009118326163
"920","unun_24",2009,"BUCDAC_2007_45",0.0116009118326163,-4.45667157769911,1,0.0123876811643012
"922","unun_24",2007,"BUCDAC_2007_46",0.00454362507623085,-5.39403011059969,1,0.00273142306557299
"924","unun_24",2007,"BUCDAC_2007_47",0.00326949501607608,-5.72311973533294,1,0.000423163089253258
"925","unun_24",2008,"BUCDAC_2007_47",0.000423163089253258,-7.76775289943455,0,NA
"926","unun_24",2007,"BUCDAC_2007_48",0.00113191005589021,-6.78384875828531,0,NA
"927","unun_24",2007,"BUCDAC_2007_49",0.00347113000812194,-5.66327508728047,1,0.000154455511772732
"928","unun_24",2008,"BUCDAC_2007_49",0.000154455511772732,-8.775604452783,1,0.00508309498763422
"929","unun_24",2009,"BUCDAC_2007_49",0.00508309498763422,-5.2818349533746,1,0.00717937498594286
"931","unun_24",2007,"BUCDAC_2007_5",0.00243340506105652,-6.01846374278383,1,0.00501246781119116
"932","unun_24",2008,"BUCDAC_2007_5",0.00501246781119116,-5.29582690807757,1,0.00272888248926002
"933","unun_24",2009,"BUCDAC_2007_5",0.00272888248926002,-5.90386309818304,1,0.00298288020295789
"935","unun_24",2007,"BUCDAC_2007_50",0.00657226985563262,-5.0248960182331,1,0.00450007694229884
"936","unun_24",2009,"BUCDAC_2007_50",0.00450007694229884,-5.40366078406341,1,0.00131696489608258
"938","unun_24",2007,"BUCDAC_2007_51",0.00442724502415423,-5.41997777908944,1,0.00430396462981134
"939","unun_24",2009,"BUCDAC_2007_51",0.00430396462981134,-5.44821867413706,1,0.00385923058851552
"941","unun_24",2007,"BUCDAC_2007_52",0.00294952992292845,-5.82610946948752,1,0.0023254034641023
"942","unun_24",2008,"BUCDAC_2007_52",0.0023254034641023,-6.06386172205069,0,NA
"943","unun_24",2007,"BUCDAC_2007_53",0.00290012496855848,-5.8430014503118,1,0.00393430466315813
"944","unun_24",2009,"BUCDAC_2007_53",0.00393430466315813,-5.53802111840479,1,0.00321583231702195
"946","unun_24",2007,"BUCDAC_2007_54",0.00183362505161153,-6.30146036900908,1,0.00125399299501004
"948","unun_24",2007,"BUCDAC_2007_55",0.00324372529162573,-5.7310328283043,1,0.00113641140506818
"949","unun_24",2009,"BUCDAC_2007_55",0.00113641140506818,-6.77987987189576,1,2.49999999999998e-05
"951","unun_24",2007,"BUCDAC_2007_56",0.00427020995508433,-5.45609228314142,1,9.54364571553283e-05
"952","unun_24",2008,"BUCDAC_2007_56",9.54364571553283e-05,-9.25704990203579,0,NA
"953","unun_24",2007,"BUCDAC_2007_57",0.0021508090854022,-6.141911188841,1,0.000641537531017245
"955","unun_24",2007,"BUCDAC_2007_58",0.00117572505768788,-6.74587025132298,1,0.00248137569968321
"956","unun_24",2009,"BUCDAC_2007_58",0.00248137569968321,-5.99894215498999,1,0.0108681781330584
"958","unun_24",2007,"BUCDAC_2007_59",2.49999999999994e-05,-10.5966347330961,0,NA
"959","unun_24",2007,"BUCDAC_2007_6",0.00755027009818233,-4.88617194176741,1,0.00778145740637022
"960","unun_24",2008,"BUCDAC_2007_6",0.00778145740637022,-4.85601163103846,1,0.00179669161858602
"962","unun_24",2007,"BUCDAC_2007_7",0.00117149502378865,-6.74947454775174,1,0.0087794270558796
"963","unun_24",2008,"BUCDAC_2007_7",0.0087794270558796,-4.73534412905893,1,0.00264446966635372
"965","unun_24",2007,"BUCDAC_2007_8",0.00181515986469484,-6.31158173542244,1,0.000700848526059645
"966","unun_24",2008,"BUCDAC_2007_8",0.000700848526059645,-7.26321877693276,1,0.00332980466350366
"967","unun_24",2009,"BUCDAC_2007_8",0.00332980466350366,-5.70484163631884,1,0.0055438273081103
"969","unun_24",2007,"BUCDAC_2007_9",0.00261907003919349,-5.9449359710904,1,0.00120771733560105
"970","unun_24",2008,"BUCDAC_2007_9",0.00120771733560105,-6.71902320055806,1,0.000465410586440771
"972","unun_24",2008,"BUCDAC_2008_1",0.000164826119892124,-8.71061945855678,1,0.000449217072163893
"974","unun_24",2008,"BUCDAC_2008_2",0.000599745034652832,-7.41900593530695,1,0.00081775075572756
"976","unun_24",2008,"BUCDAC_2008_3",0.000143652162486791,-8.84811571879366,0,NA
"977","unun_24",2008,"BUCDAC_2008_4",0.00097174954233754,-6.93641245919934,1,0.00136207056099815
"978","unun_24",2009,"BUCDAC_2008_4",0.00136207056099815,-6.59874926569649,1,0.0015401093803431
"980","unun_24",2008,"BUCDAC_2008_5",0.000455665112521934,-7.69375242061959,1,0.00119583831703122
"981","unun_24",2009,"BUCDAC_2008_5",0.00119583831703122,-6.72890781902095,1,0.000575415907225945
"983","unun_5b",1998,"BUCDAC_1998_1",4.9999999999998e-05,-9.90348755253617,0,NA
"984","unun_5b",1998,"BUCDAC_1998_2",2.49999999999994e-05,-10.5966347330961,0,NA
"985","unun_5b",1998,"BUCDAC_1998_3",2.49999999999994e-05,-10.5966347330961,0,NA
"986","unun_5b",1998,"BUCDAC_1998_4",2.2070695149751e-05,-10.721259840695,0,NA
"987","unun_7",1998,"BUCDAC_1998_1",4.99999999999993e-05,-9.90348755253614,0,NA
"988","unun_7",1998,"BUCDAC_1998_2",2.49999999999998e-05,-10.5966347330961,0,NA
"989","unun_7",1998,"BUCDAC_1998_3",0.000149999999999995,-8.80487526386805,0,NA
"990","unun_7",1998,"BUCDAC_1998_4",9.99999999999981e-05,-9.2103403719762,0,NA
"991","unun_7",1998,"BUCDAC_1998_5",2.49999999999994e-05,-10.5966347330961,0,NA
"992","unun_7",1998,"BUCDAC_1998_6",2.4999999999999e-05,-10.5966347330961,0,NA
"993","unun_7",1998,"BUCDAC_1998_7",9.99999999999959e-05,-9.21034037197622,0,NA
"994","unun_7",1998,"BUCDAC_1998_8",2.49999999999994e-05,-10.5966347330961,0,NA
"995","unun_7",1998,"BUCDAC_1998_9",2.49999999999994e-05,-10.5966347330961,0,NA
"996","unun_7",2002,"BUCDAC_2002_1",2.4999999999999e-05,-10.5966347330961,0,NA
"997","unun_7",2002,"BUCDAC_2002_2",2.49999999999994e-05,-10.5966347330961,0,NA
"998","unun_7",2002,"BUCDAC_2002_3",4.59359399081309e-05,-9.98826274275146,0,NA
"999","unun_7",2002,"BUCDAC_2002_4",2.4999999999999e-05,-10.5966347330961,0,NA
