"quad","track_id","year","size_t0","survives","size_t1","logsize_t0","logsize_t1","logsize_t0_2","logsize_t0_3"
"e1q1-3","SPOASP_68_1",68,268.76869447321,0,NA,5.59385113785318,NA,31.2911705524613,175.038149999644
"e1q1a-2","SPOASP_68_1",68,4.39222809571646,0,NA,1.47983663722036,NA,2.18991647285966,3.24071862899011
"e1q1a-2","SPOASP_68_2",68,2.77091306607298,0,NA,1.01917689262544,NA,1.03872153846164,1.05864098987245
"e1q1a-3","SPOASP_65_1",65,23.169832512462,0,NA,3.14285110978035,NA,9.87751309824758,31.0435530026974
"e1q2-4","SPOASP_57_1",57,65.153712295739,0,NA,4.17674928269562,NA,17.4452345704984,72.8643709787858
"e1q2-4","SPOASP_57_2",57,76.6053545227251,0,NA,4.33866697668893,NA,18.8240311346111,81.6712022519014
"e1q2-4","SPOASP_57_3",57,84.3728402142395,0,NA,4.43524555140421,NA,19.6714031012508,87.2475030947016
"e1q2-4","SPOASP_57_4",57,168.025215225285,1,35.8456293076605,5.12411405876748,3.57922164350895,26.2565448872586,134.541530791461
"e1q2-4","SPOASP_57_4",58,35.8456293076605,0,NA,3.57922164350895,NA,12.8108275733629,45.8527913218417
"e1q2-4","SPOASP_58_1",58,15.0313160364185,0,NA,2.71013576057163,NA,7.34483584072915,19.9055022674883
"e1q2-4","SPOASP_58_2",58,35.5060092108225,0,NA,3.56970195570052,NA,12.7427720525321,45.4878983169697
"e1q2-4","SPOASP_58_3",58,25.4247571008604,0,NA,3.23572338833384,NA,10.4699058458106,33.8777192189427
"e1q2-8","SPOASP_43_1",43,2.2310798513775,0,NA,0.802485706552378,NA,0.64398330922087,0.516787400908049
"e1q2-8","SPOASP_68_1",68,47.442385355682,0,NA,3.85951603495326,NA,14.8958640240614,57.4908260553483
"e1q2-8","SPOASP_68_2",68,64.7723786449025,0,NA,4.17087925700564,NA,17.3962337765199,72.5575906085077
"e1q3a-3","SPOASP_50_1",50,5.74876199487975,0,NA,1.74898452638945,NA,3.05894687354974,5.3500507488859
"e1q3a-3","SPOASP_57_1",57,49.1122258947605,1,58.5001687225365,3.89410800369844,4.06902963837957,15.1640771444682,59.0505541769742
"e1q3a-3","SPOASP_57_1",58,58.5001687225365,0,NA,4.06902963837957,NA,16.5570021980114,67.3709326664242
"e1q3a-3","SPOASP_57_2",57,41.8368833682436,0,NA,3.73377832769548,NA,13.9411006003685,52.0529792858783
"e1q4-1","SPOASP_41_1",41,10.6139025611275,1,34.0939602186611,2.36216470414192,3.52912024891457,5.5798220894939,13.1804587951939
"e1q4-1","SPOASP_41_1",42,34.0939602186611,1,24.2403469579545,3.52912024891457,3.18801847454565,12.4546897312988,43.9540977246751
"e1q4-1","SPOASP_41_1",43,24.2403469579545,1,29.037646933288,3.18801847454565,3.36859315820557,10.1634617940443,32.4013039647522
"e1q4-1","SPOASP_41_1",44,29.037646933288,1,37.8756517241315,3.36859315820557,3.63430847091929,11.3474198655094,38.2248409222408
"e1q4-1","SPOASP_41_1",45,37.8756517241315,1,51.8424417568725,3.63430847091929,3.94820915272629,13.2081980617957,48.0026661015637
"e1q4-1","SPOASP_41_1",46,51.8424417568725,1,80.6698874626769,3.94820915272629,4.39036536391477,15.5883555136716,61.5460879150296
"e1q4-1","SPOASP_41_1",47,80.6698874626769,1,160.575880788443,4.39036536391477,5.07876660834409,19.2753080286625,84.6256447478282
"e1q4-1","SPOASP_41_1",48,160.575880788443,1,108.466645818414,5.07876660834409,4.68644271390796,25.7938702620309,131.001046986762
"e1q4-1","SPOASP_41_1",49,108.466645818414,1,81.6893384308369,4.68644271390796,4.40292349678796,21.962745310741,102.927147738939
"e1q4-1","SPOASP_41_1",50,81.6893384308369,1,92.5152717335675,4.40292349678796,4.52737373071326,19.3857353185675,85.3539095366329
"e1q4-1","SPOASP_41_1",51,92.5152717335675,1,181.748916393165,4.52737373071326,5.20262615432249,20.4971128975525,92.7980904878429
"e1q4-1","SPOASP_41_1",52,181.748916393165,1,216.977284861531,5.20262615432249,5.37979267000387,27.0673189016404,140.821141245062
"e1q4-1","SPOASP_41_1",53,216.977284861531,1,181.10706659368,5.37979267000387,5.1990883845239,28.9421691722274,155.702869566761
"e1q4-1","SPOASP_41_1",54,181.10706659368,1,271.263447857606,5.1990883845239,5.60309048098098,27.0305200300913,140.534062716088
"e1q4-1","SPOASP_41_1",55,271.263447857606,1,204.295633906861,5.60309048098098,5.31956813060579,31.3946229380597,175.906912938229
"e1q4-1","SPOASP_41_1",56,204.295633906861,1,283.745907696871,5.31956813060579,5.64807914647794,28.2978050961568,150.53210215561
"e1q4-1","SPOASP_41_1",57,283.745907696871,1,122.417485432174,5.64807914647794,4.80743721471347,31.900798044879,180.178232193285
"e1q4-1","SPOASP_41_1",58,122.417485432174,1,202.050469601933,4.80743721471347,5.30851751570853,23.111452573412,111.106857187506
"e1q4-1","SPOASP_41_1",59,202.050469601933,1,107.350281174908,5.30851751570853,4.67609714355665,28.1803582145843,149.595925181062
"e1q4-1","SPOASP_41_1",60,107.350281174908,1,261.586232300454,4.67609714355665,5.5667639893772,21.8658844959786,102.247000032985
"e1q4-1","SPOASP_41_1",61,261.586232300454,0,NA,5.5667639893772,NA,30.9888613134268,172.507677231389
"e1q4-1","SPOASP_51_1",51,0.723880066701448,0,NA,-0.323129554045797,NA,0.104412708697835,-0.0337388319982452
"e1q4-1","SPOASP_64_1",64,48.1627405798305,1,172.098020242725,3.87458570510887,5.14806419962271,15.012414386234,58.1668861800732
"e1q4-1","SPOASP_64_1",65,172.098020242725,1,127.161301919707,5.14806419962271,4.84545637442765,26.502565003437,136.436906092368
"e1q4-1","SPOASP_64_1",66,127.161301919707,1,150.017275530449,4.84545637442765,5.01075045766767,23.4784474764815,113.763792986582
"e1q4-1","SPOASP_64_1",67,150.017275530449,0,NA,5.01075045766767,NA,25.1076201490168,125.808019152632
"e1q4-1","SPOASP_65_1",65,24.56714569426,0,NA,3.201410009425,NA,10.2490260484466,32.8113345783544
"e1q4-1","SPOASP_70_1",70,8.15102219814998,0,NA,2.09814334247384,NA,4.4022054855673,9.23645813174485
"e1q4-1","SPOASP_70_2",70,47.7359841296554,0,NA,3.86568549775901,NA,14.9435243675843,57.7669654331792
"e1q4-1","SPOASP_70_3",70,10.6290217722435,0,NA,2.36358816293052,NA,5.58654900394527,13.2043010973563
"e1q4-2","SPOASP_36_1",36,5.6095651395475,1,26.8697817087835,1.72447320129797,3.29100229861909,2.97380782199487,5.12825189484043
"e1q4-2","SPOASP_36_1",37,26.8697817087835,1,43.6768951995747,3.29100229861909,3.77681924831449,10.8306961295162,35.6438458578826
"e1q4-2","SPOASP_36_1",38,43.6768951995747,1,59.2399073740853,3.77681924831449,4.0815954258279,14.2643636344388,53.8739231395057
"e1q4-2","SPOASP_36_1",40,59.2399073740853,1,57.390935645621,4.0815954258279,4.04988637527403,16.6594212201393,67.9970174490608
"e1q4-2","SPOASP_36_1",41,57.390935645621,1,43.8178668611881,4.04988637527403,3.78004165341119,16.4015796526302,66.4245339681587
"e1q4-2","SPOASP_36_1",42,43.8178668611881,1,124.262269352105,3.78004165341119,4.82239440740219,14.2887149015236,54.0119375014763
"e1q4-2","SPOASP_36_1",43,124.262269352105,1,48.9466563796768,4.82239440740219,3.89073105979318,23.2554878205439,112.147134407201
"e1q4-2","SPOASP_36_1",44,48.9466563796768,1,65.4611656935976,3.89073105979318,4.18145707663824,15.1377881796394,58.8970626470929
"e1q4-2","SPOASP_36_1",45,65.4611656935976,1,55.5710284651618,4.18145707663824,4.01766199468151,17.484583283768,73.1110345039826
"e1q4-2","SPOASP_36_1",46,55.5710284651618,1,86.2936382683805,4.01766199468151,4.45775587889919,16.1416079035082,64.8515246069758
"e1q4-2","SPOASP_36_1",47,86.2936382683805,1,75.3067488988014,4.45775587889919,4.32156975759972,19.8715874758603,88.582685893576
"e1q4-2","SPOASP_36_1",48,75.3067488988014,1,73.5909138632791,4.32156975759972,4.29852156516931,18.6759651698005,80.7094862717954
"e1q4-2","SPOASP_36_1",49,73.5909138632791,1,100.515429080414,4.29852156516931,4.61031123890385,18.4772876462256,79.4250194131374
"e1q4-2","SPOASP_36_1",50,100.515429080414,1,105.841185232893,4.61031123890385,4.66193971808955,21.2549697195632,97.9920257806631
"e1q4-2","SPOASP_36_1",51,105.841185232893,1,121.893848319693,4.66193971808955,4.80315057024002,21.7336819351009,101.321115033572
"e1q4-2","SPOASP_36_1",52,121.893848319693,1,132.131070844104,4.80315057024002,4.88379439086694,23.070255400397,110.809910382
"e1q4-2","SPOASP_36_1",53,132.131070844104,1,82.6657452815412,4.88379439086694,4.41480531164695,23.8514476522634,116.48556625818
"e1q4-2","SPOASP_36_1",54,82.6657452815412,1,104.257542398023,4.41480531164695,4.64686420720355,19.4905059397461,86.0467891494776
"e1q4-2","SPOASP_36_1",55,104.257542398023,1,45.4286318210884,4.64686420720355,3.81614256311901,21.5933469601894,100.341351103032
"e1q4-2","SPOASP_36_1",56,45.4286318210884,1,47.3291488844446,3.81614256311901,3.85712636117554,14.5629440620485,55.5742706795045
"e1q4-2","SPOASP_36_1",57,47.3291488844446,1,24.9320896281841,3.85712636117554,3.21615571384565,14.8774237660752,57.3841033945083
"e1q4-2","SPOASP_36_1",58,24.9320896281841,0,NA,3.21615571384565,NA,10.343657575702,33.2668134141569
"e1q4a-1","SPOASP_36_1",36,27.990684597192,1,56.6750850250691,3.3318717618632,4.03733469661424,11.1013694375014,36.9883393468219
"e1q4a-1","SPOASP_36_1",37,56.6750850250691,1,82.5628549940399,4.03733469661424,4.41355988197401,16.3000714524852,65.8088440324099
"e1q4a-1","SPOASP_36_1",38,82.5628549940399,1,72.5716918012881,4.41355988197401,4.28457492569969,19.4795108317704,85.9739875275802
"e1q4a-1","SPOASP_36_1",39,72.5716918012881,1,119.644025410091,4.28457492569969,4.78452087921789,18.3575822939345,78.6544367930606
"e1q4a-1","SPOASP_36_1",40,119.644025410091,1,116.124361861284,4.78452087921789,4.75466170184471,22.8916400436719,109.525529748489
"e1q4a-1","SPOASP_36_1",41,116.124361861284,1,313.494700214118,4.75466170184471,5.74778245471196,22.6068078989888,107.487723718282
"e1q4a-1","SPOASP_36_1",42,313.494700214118,1,171.017360290141,5.74778245471196,5.1417650735142,33.0370031466946,189.889507042835
"e1q4a-1","SPOASP_36_1",43,171.017360290141,1,200.330943453533,5.1417650735142,5.29997071627947,26.4377480712105,135.936689654918
"e1q4a-1","SPOASP_36_1",44,200.330943453533,1,102.787345474372,5.29997071627947,4.6326622469455,28.0896895934199,148.874532274505
"e1q4a-1","SPOASP_36_1",45,102.787345474372,1,104.859918046393,4.6326622469455,4.65262534559147,21.4615594942741,99.4241564296982
"e1q4a-1","SPOASP_36_1",46,104.859918046393,1,116.280189703913,4.65262534559147,4.75600270712994,21.6469226064401,100.71502077278
"e1q4a-1","SPOASP_36_1",47,116.280189703913,1,222.061976510295,4.75600270712994,5.40295651638041,22.6195617502274,107.578696918174
"e1q4a-1","SPOASP_36_1",48,222.061976510295,1,138.390060663681,5.40295651638041,4.93007622459081,29.1919391178976,157.722777682825
"e1q4a-1","SPOASP_36_1",49,138.390060663681,1,105.65796895125,4.93007622459081,4.66020716905709,24.3056515802756,119.828714979105
"e1q4a-1","SPOASP_36_1",50,105.65796895125,1,61.4307672118879,4.66020716905709,4.11791080430325,21.7175308585311,101.208193001145
"e1q4a-1","SPOASP_36_1",51,61.4307672118879,1,178.205411366746,4.11791080430325,5.1829368813924,16.9571893921974,69.8281934087462
"e1q4a-1","SPOASP_36_1",53,178.205411366746,1,110.775045455262,5.1829368813924,4.7075015274241,26.8628347164976,139.228376790884
"e1q4a-1","SPOASP_36_1",54,110.775045455262,1,130.249017460978,4.7075015274241,4.86944813711925,22.1605706307002,104.320920092611
"e1q4a-1","SPOASP_36_1",55,130.249017460978,1,47.3913835793221,4.86944813711925,3.8584404311499,23.7115251600941,115.462042019077
"e1q4a-1","SPOASP_36_1",56,47.3913835793221,1,49.5318031416101,3.8584404311499,3.90261495097707,14.8875625607322,57.4427733056026
"e1q4a-1","SPOASP_36_1",57,49.5318031416101,1,75.4521065502235,3.90261495097707,4.32349810464152,15.2304034555898,59.4384002351976
"e1q4a-1","SPOASP_36_1",58,75.4521065502235,0,NA,4.32349810464152,NA,18.6926358608388,80.8175757150905
"e1q4a-1","SPOASP_40_1",40,3.551595715854,0,NA,1.26739699991728,NA,1.60629515539933,2.03581366093477
"e1q4a-1","SPOASP_42_1",42,18.3299133054274,0,NA,2.90853433218562,NA,8.45957196150247,24.6049554856248
"e1q4a-1","SPOASP_42_2",42,0.685160417808001,0,NA,-0.378102281556285,NA,0.142961335318069,-0.0540540070580949
"e1q4a-1","SPOASP_43_1",43,14.2233247504205,0,NA,2.6548832050927,NA,7.0484048326833,18.7126916129851
"e1q4a-1","SPOASP_46_1",46,14.341432095755,1,40.0204498745435,2.66315269739254,3.68939057033537,7.09238228962915,18.8880970255649
"e1q4a-1","SPOASP_46_1",47,40.0204498745435,1,66.7047585320455,3.68939057033537,4.20027629268636,13.6116027804796,50.218518945452
"e1q4a-1","SPOASP_46_1",48,66.7047585320455,1,41.3933937717195,4.20027629268636,3.72312129736709,17.6423209349031,74.1026223708379
"e1q4a-1","SPOASP_46_1",49,41.3933937717195,1,53.3977182348485,3.72312129736709,3.97776801536873,13.8616321949084,51.6085380411329
"e1q4a-1","SPOASP_46_1",50,53.3977182348485,0,NA,3.97776801536873,NA,15.8226383840904,62.9387848829805
"e1q4a-1","SPOASP_54_1",54,99.3941091108085,1,3.8756229387095,4.59909284742753,1.35470640826171,21.1516550192591,97.2784253103291
"e1q4a-1","SPOASP_54_1",55,3.8756229387095,0,NA,1.35470640826171,NA,1.83522945258535,2.48619710004801
"e1q4a-1","SPOASP_60_1",60,86.3457081309436,0,NA,4.45835910018366,NA,19.8769658661904,88.6186516535701
"e1q4a-1","SPOASP_61_1",61,23.0746248651141,0,NA,3.13873352305694,NA,9.85164812876145,30.9216982391048
"e1q4a-1","SPOASP_61_2",61,46.094457405626,0,NA,3.83069271296153,NA,14.6742066611366,56.2123765253076
"e1q5-1","SPOASP_35_1",35,48.268916049683,1,19.9901218501145,3.8767877934369,2.99523824404723,15.0294835953413,58.2661185440794
"e1q5-1","SPOASP_35_1",36,19.9901218501145,1,22.2282369280175,2.99523824404723,3.10136341435032,8.97145213860315,26.8716365501835
"e1q5-1","SPOASP_35_1",37,22.2282369280175,1,77.6703409407384,3.10136341435032,4.35247347202844,9.61845502787066,29.8303245260119
"e1q5-1","SPOASP_35_1",38,77.6703409407384,1,61.40768312731,4.35247347202844,4.11753495969131,18.9440253247113,82.453367679241
"e1q5-1","SPOASP_35_1",39,61.40768312731,1,19.279126905283,4.11753495969131,2.95902300316131,16.9540941442801,69.809075348971
"e1q5-1","SPOASP_35_1",40,19.279126905283,0,NA,2.95902300316131,NA,8.75581713323777,25.9086643087245
"e1q5-1","SPOASP_37_1",37,2.4749828167595,1,19.1161748726665,0.906233453273118,2.95053482864784,0.821259071831321,0.744252444697574
"e1q5-1","SPOASP_37_1",38,19.1161748726665,1,24.0946016947685,2.95053482864784,3.18198781933805,8.70565577506391,25.6863405705452
"e1q5-1","SPOASP_37_1",39,24.0946016947685,0,NA,3.18198781933805,NA,10.1250464824157,32.2177745772783
"e1q5-1","SPOASP_37_2",37,17.4417622654805,1,7.42782603868001,2.85886746070849,2.0052332235447,8.17312315789783,23.3658758484771
"e1q5-1","SPOASP_37_2",38,7.42782603868001,1,46.192262982133,2.0052332235447,3.83281231614418,4.02096028080748,8.0629631456288
"e1q5-1","SPOASP_37_2",39,46.192262982133,1,10.4890598265905,3.83281231614418,2.35033279270908,14.6904502507865,56.3057386509177
"e1q5-1","SPOASP_37_2",40,10.4890598265905,1,15.4209813998045,2.35033279270908,2.73572901071465,5.52406423648365,12.983389324039
"e1q5-1","SPOASP_37_2",41,15.4209813998045,1,52.0872645491272,2.73572901071465,3.95292047644322,7.48421322006577,20.4747792285081
"e1q5-1","SPOASP_37_2",43,52.0872645491272,1,31.8779711775759,3.95292047644322,3.46191521254864,15.6255802930841,61.7666762968398
"e1q5-1","SPOASP_37_2",44,31.8779711775759,1,49.8236579121686,3.46191521254864,3.90848992970333,11.9848569388757,41.4905585569127
"e1q5-1","SPOASP_37_2",46,49.8236579121686,1,160.330601936325,3.90848992970333,5.07723794555236,15.2762935305924,59.7072394275125
"e1q5-1","SPOASP_37_2",48,160.330601936325,1,104.415796574292,5.07723794555236,4.64838097218548,25.7783451557568,130.882792198354
"e1q5-1","SPOASP_37_2",49,104.415796574292,1,57.071613248445,4.64838097218548,4.04430685203843,21.6074456625761,100.43963927545
"e1q5-1","SPOASP_37_2",50,57.071613248445,1,50.4407290099185,4.04430685203843,3.92079896400414,16.356417913445,66.1503730421499
"e1q5-1","SPOASP_37_2",51,50.4407290099185,1,55.2977395989211,3.92079896400414,4.01273203244732,15.3726645161359,60.273127108849
"e1q5-1","SPOASP_37_2",52,55.2977395989211,1,73.1166040716065,4.01273203244732,4.29205548284536,16.1020183642288,64.6130848771961
"e1q5-1","SPOASP_37_2",53,73.1166040716065,1,23.740807163919,4.29205548284536,3.16719538876861,18.4217402678229,79.0671313200627
"e1q5-1","SPOASP_37_2",54,23.740807163919,1,105.727129811737,3.16719538876861,4.66086152798172,10.0311266306371,31.770538008708
"e1q5-1","SPOASP_37_2",55,105.727129811737,1,81.9996422556756,4.66086152798172,4.40671488451907,21.7236301830201,101.250832168141
"e1q5-1","SPOASP_37_2",56,81.9996422556756,1,94.4452785448308,4.40671488451907,4.54802060376029,19.4191360734419,85.5745959793379
"e1q5-1","SPOASP_37_2",57,94.4452785448308,1,97.8174856167861,4.54802060376029,4.58310335059752,20.6844914122281,94.0734931211165
"e1q5-1","SPOASP_37_2",58,97.8174856167861,1,66.8525871517683,4.58310335059752,4.20249000364828,21.0048363222582,96.267335727294
"e1q5-1","SPOASP_37_2",60,66.8525871517683,1,14.3554436052302,4.20249000364828,2.6641292155846,17.6609222307637,74.2198491299944
"e1q5-1","SPOASP_37_2",62,14.3554436052302,0,NA,2.6641292155846,NA,7.0975844773314,18.9088821661383
"e1q5-1","SPOASP_40_1",40,11.3696630591285,0,NA,2.4309486731218,NA,5.90951145135266,14.3657190214639
"e1q5-1","SPOASP_41_1",41,1.2168645388075,0,NA,0.196277500339013,NA,0.0385248571393312,0.00756156266022551
"e1q5-1","SPOASP_42_1",42,2.6113105753265,0,NA,0.959852231446859,NA,0.921316306213514,0.884327512387419
"e1q5-1","SPOASP_43_1",43,13.410871060701,1,5.89329811902699,2.59606565123929,1.77381579324531,6.73955686554449,17.496332083214
"e1q5-1","SPOASP_43_1",44,5.89329811902699,1,29.8555995457845,1.77381579324531,3.39637241171942,3.14642246836649,5.58117386661037
"e1q5-1","SPOASP_43_1",45,29.8555995457845,1,50.8683076938131,3.39637241171942,3.92924009100812,11.5353455590888,39.1783294165394
"e1q5-1","SPOASP_43_1",46,50.8683076938131,1,89.8861939933293,3.92924009100812,4.49854435897615,15.4389276927855,60.6632536526683
"e1q5-1","SPOASP_43_1",47,89.8861939933293,1,69.3923521040189,4.49854435897615,4.23977666120999,20.2369013496761,91.0365984097422
"e1q5-1","SPOASP_43_1",48,69.3923521040189,1,97.704425150749,4.23977666120999,4.58194685127532,17.9757061369409,76.2129793481714
"e1q5-1","SPOASP_43_1",49,97.704425150749,1,94.6155330620415,4.58194685127532,4.5498216598521,20.9942369479118,96.1944778784127
"e1q5-1","SPOASP_43_1",50,94.6155330620415,1,72.2988240021146,4.5498216598521,4.28080786350151,20.7008771364593,94.1852991733998
"e1q5-1","SPOASP_43_1",51,72.2988240021146,1,122.79401096212,4.28080786350151,4.81050824385694,18.3253159642164,78.4471566807674
"e1q5-1","SPOASP_43_1",52,122.79401096212,1,237.668247703881,4.81050824385694,5.47087578405455,23.1409895642156,111.319921069666
"e1q5-1","SPOASP_43_1",53,237.668247703881,1,248.007959272109,5.47087578405455,5.51346083948914,29.9304818445545,163.745948328458
"e1q5-1","SPOASP_43_1",54,248.007959272109,1,255.683001604321,5.51346083948914,5.54393840220049,30.3982504285802,167.599563326961
"e1q5-1","SPOASP_43_1",55,255.683001604321,1,318.422224906597,5.54393840220049,5.76337825337652,30.7352530073934,170.394349449036
"e1q5-1","SPOASP_43_1",56,318.422224906597,1,45.6425756779615,5.76337825337652,3.82084095806323,33.2165288914934,191.439420265886
"e1q5-1","SPOASP_43_1",57,45.6425756779615,1,166.744677567698,3.82084095806323,5.11646376565183,14.5988256268136,55.7797908945524
"e1q5-1","SPOASP_43_1",58,166.744677567698,1,49.6208134519185,5.11646376565183,3.90441037175924,26.1782014652281,133.939819246773
"e1q5-1","SPOASP_43_1",59,49.6208134519185,1,73.3464502544858,3.90441037175924,4.29519410879606,15.2444203511011,59.5204729302968
"e1q5-1","SPOASP_43_1",60,73.3464502544858,1,118.039756673446,4.29519410879606,4.77102148868195,18.4486924322364,79.2407150499323
"e1q5-1","SPOASP_43_1",62,118.039756673446,1,10.468940480202,4.77102148868195,2.34841282398358,22.7626460454649,108.601073422174
"e1q5-1","SPOASP_43_1",63,10.468940480202,1,119.438099723288,2.34841282398358,4.78279824321897,5.51504279185055,12.9515972172001
"e1q5-1","SPOASP_43_1",64,119.438099723288,1,77.5268474192639,4.78279824321897,4.35062429468341,22.8751590353385,109.407270447572
"e1q5-1","SPOASP_43_1",66,77.5268474192639,1,21.2856171553654,4.35062429468341,3.05803159370898,18.9279317534895,82.3483197348413
"e1q5-1","SPOASP_43_1",68,21.2856171553654,0,NA,3.05803159370898,NA,9.35155722812229,28.5973574539756
"e1q5-1","SPOASP_43_2",43,0.710576412831994,1,11.6753754503365,-0.341678789258822,2.45748196152495,0.116744395029375,-0.0398890835463905
"e1q5-1","SPOASP_43_2",45,11.6753754503365,1,14.8702546832375,2.45748196152495,2.69936288764466,6.03921759122054,14.8412682921487
"e1q5-1","SPOASP_43_2",46,14.8702546832375,1,36.7921210389464,2.69936288764466,3.60528372004919,7.28655999919332,19.6690696404185
"e1q5-1","SPOASP_43_2",47,36.7921210389464,1,59.431173240037,3.60528372004919,4.084818890729,12.9980707020517,46.8617326941556
"e1q5-1","SPOASP_43_2",48,59.431173240037,0,NA,4.084818890729,NA,16.6857453700565,68.158247893501
"e1q5-1","SPOASP_43_3",43,0.710581750952006,0,NA,-0.341671276907069,NA,0.116739261463307,-0.0398864525293562
"e1q5-1","SPOASP_43_4",43,0.710582217864997,0,NA,-0.341670619821748,NA,0.116738812449378,-0.0398862224068337
"e1q5-1","SPOASP_43_5",43,5.9262660011786,1,25.2404803680831,1.77939433528178,3.22844906950788,3.16624420043287,5.63399699436903
"e1q5-1","SPOASP_43_5",44,25.2404803680831,1,10.8725781689878,3.22844906950788,2.3862438550695,10.4228833944063,33.64974819626
"e1q5-1","SPOASP_43_5",45,10.8725781689878,1,22.3800677067135,2.3862438550695,3.10817072820152,5.69415973585693,13.5876536794727
"e1q5-1","SPOASP_43_5",46,22.3800677067135,1,36.6548053758385,3.10817072820152,3.60154453504035,9.66072527564878,30.0271835149681
"e1q5-1","SPOASP_43_5",47,36.6548053758385,0,NA,3.60154453504035,NA,12.971123037879,46.7160772904092
"e1q5-1","SPOASP_43_6",43,0.710577681311996,1,7.67392410355503,-0.34167700411813,2.03782810169963,0.116743175143141,-0.0398884583341464
"e1q5-1","SPOASP_43_6",44,7.67392410355503,1,24.344551194366,2.03782810169963,3.19230805423639,4.1527433720767,8.46257714276476
"e1q5-1","SPOASP_43_6",45,24.344551194366,1,22.0423569467539,3.19230805423639,3.09296591807498,10.1908307131425,32.5322709649245
"e1q5-1","SPOASP_43_6",46,22.0423569467539,1,58.5732760166087,3.09296591807498,4.07027855189259,9.56643817037342,29.5886672183366
"e1q5-1","SPOASP_43_6",47,58.5732760166087,1,29.9065027407885,4.07027855189259,3.39807593972016,16.5671674899968,67.4329865001462
"e1q5-1","SPOASP_43_6",48,29.9065027407885,1,41.7039447412915,3.39807593972016,3.73059572244314,11.5469200921051,39.2373113428536
"e1q5-1","SPOASP_43_6",49,41.7039447412915,1,34.535093845809,3.73059572244314,3.54197601994883,13.9173444443111,51.9199856517147
"e1q5-1","SPOASP_43_6",50,34.535093845809,1,40.084350103293,3.54197601994883,3.69098598639836,12.5455941258925,44.4361935499222
"e1q5-1","SPOASP_43_6",51,40.084350103293,1,72.2592922895122,3.69098598639836,4.28026093172623,13.6233775517891,50.2836956310674
"e1q5-1","SPOASP_43_6",52,72.2592922895122,1,107.515693566855,4.28026093172623,4.67763682358112,18.3206336436619,78.417092429435
"e1q5-1","SPOASP_43_6",53,107.515693566855,1,67.2280222296006,4.67763682358112,4.20809015807412,21.8802862533221,102.348032689035
"e1q5-1","SPOASP_43_6",54,67.2280222296006,1,165.579088596437,4.20809015807412,5.10944895738603,17.7080227784803,74.5169563730751
"e1q5-1","SPOASP_43_6",55,165.579088596437,1,78.627515382298,5.10944895738603,4.36472170665256,26.1064686481332,133.389669015236
"e1q5-1","SPOASP_43_6",56,78.627515382298,1,179.764382922765,4.36472170665256,5.19164700966019,19.050795576524,83.1514209818551
"e1q5-1","SPOASP_43_6",57,179.764382922765,1,73.7016268833705,5.19164700966019,4.30002487335288,26.9531986729136,139.931493291009
"e1q5-1","SPOASP_43_6",58,73.7016268833705,1,95.7304716308068,4.30002487335288,4.56153665562331,18.4902139114535,79.5083797328654
"e1q5-1","SPOASP_43_6",59,95.7304716308068,0,NA,4.56153665562331,NA,20.8076166605951,94.9147061134628
"e1q5-1","SPOASP_43_7",43,0.7105836221136,1,6.91787558897338,-0.341668643629296,1.93410872668362,0.116737462039483,-0.0398855303157566
"e1q5-1","SPOASP_43_7",45,6.91787558897338,1,16.0513725290792,1.93410872668362,2.77579436175023,3.74077656663374,7.23506860209991
"e1q5-1","SPOASP_43_7",46,16.0513725290792,1,32.4882305889093,2.77579436175023,3.48087788802285,7.70503433872439,21.3875908745231
"e1q5-1","SPOASP_43_7",47,32.4882305889093,1,15.8827238445923,3.48087788802285,2.76523196784751,12.1165108713264,42.1760947719885
"e1q5-1","SPOASP_43_7",49,15.8827238445923,1,10.761128965987,2.76523196784751,2.37594047171916,7.64650783600582,21.1443679105198
"e1q5-1","SPOASP_43_7",50,10.761128965987,1,6.4375448431299,2.37594047171916,1.86214723188868,5.64509312515305,13.4124052226747
"e1q5-1","SPOASP_43_7",51,6.4375448431299,1,9.61695667490055,1.86214723188868,2.2635278606667,3.46759231323069,6.457167427401
"e1q5-1","SPOASP_43_7",52,9.61695667490055,1,13.7652068484467,2.2635278606667,2.62214416561183,5.12355837601438,11.5973171298608
"e1q5-1","SPOASP_43_7",54,13.7652068484467,1,6.9399866766188,2.62214416561183,1.93729985472131,6.87564002525215,18.0289193770621
"e1q5-1","SPOASP_43_7",55,6.9399866766188,0,NA,1.93729985472131,NA,3.7531307271032,7.27093961236711
"e1q5-1","SPOASP_43_8",43,7.93277567112766,1,47.3676926237663,2.07100299598327,3.85794040609692,4.2890534093717,8.88264246074107
"e1q5-1","SPOASP_43_8",45,47.3676926237663,1,30.8033102911169,3.85794040609692,3.42762216118861,14.8837041769952,57.4204437368234
"e1q5-1","SPOASP_43_8",46,30.8033102911169,1,31.0664097491121,3.42762216118861,3.43612716311087,11.7485936798713,40.2697400599271
"e1q5-1","SPOASP_43_8",47,31.0664097491121,1,15.4756110231998,3.43612716311087,2.7392653023275,11.8069698810684,40.5702499223711
"e1q5-1","SPOASP_43_8",48,15.4756110231998,1,17.1545696376177,2.7392653023275,2.84226458929318,7.50357439653538,20.5542809878624
"e1q5-1","SPOASP_43_8",49,17.1545696376177,0,NA,2.84226458929318,NA,8.07846799554995,22.9611435194899
"e1q5-1","SPOASP_44_1",44,33.1210785231343,0,NA,3.50016989309116,NA,12.2511892805018,42.8812438741734
"e1q5-1","SPOASP_44_2",44,16.3328307689405,1,25.434905751826,2.79317723972059,3.23612247281577,7.80183909249315,21.7919193811142
"e1q5-1","SPOASP_44_2",45,25.434905751826,1,36.3453646364694,3.23612247281577,3.59306667553091,10.4724886590633,33.8902558959029
"e1q5-1","SPOASP_44_2",46,36.3453646364694,1,80.8119891325009,3.59306667553091,4.39212533487251,12.9101281348108,46.3869511780226
"e1q5-1","SPOASP_44_2",47,80.8119891325009,1,160.430821564181,4.39212533487251,5.07786283136328,19.2907649572289,84.727457497716
"e1q5-1","SPOASP_44_2",49,160.430821564181,1,153.934384283224,5.07786283136328,5.03652643553446,25.7846909341407,130.931123712663
"e1q5-1","SPOASP_44_2",50,153.934384283224,1,79.4519510813939,5.03652643553446,4.3751524500304,25.3665985358375,127.759544105335
"e1q5-1","SPOASP_44_2",51,79.4519510813939,1,86.1497146042529,4.3751524500304,4.45608665019135,19.141958961007,83.7489886466311
"e1q5-1","SPOASP_44_2",52,86.1497146042529,1,173.340658848533,4.45608665019135,5.15525878460202,19.8567082340136,88.4832124783326
"e1q5-1","SPOASP_44_2",53,173.340658848533,1,163.260762764898,5.15525878460202,5.09534869409914,26.5766931362163,137.009730756151
"e1q5-1","SPOASP_44_2",54,163.260762764898,1,98.6351295568576,5.09534869409914,4.59142748169279,25.9625783144578,132.288389510019
"e1q5-1","SPOASP_44_2",55,98.6351295568576,1,31.9678982389499,4.59142748169279,3.46473221924504,21.0812063196438,96.7928300432483
"e1q5-1","SPOASP_44_2",56,31.9678982389499,1,23.1099147130455,3.46473221924504,3.14026173380114,12.0043693510747,41.5919252623862
"e1q5-1","SPOASP_44_2",58,23.1099147130455,0,NA,3.14026173380114,NA,9.86124375677572,30.9668864170882
"e1q5-1","SPOASP_45_1",45,13.103509567771,1,14.971861458924,2.57288010026344,2.70617253665473,6.61971201033159,17.031725300857
"e1q5-1","SPOASP_45_1",46,14.971861458924,1,55.538499176589,2.70617253665473,4.01707645912588,7.32336979814428,19.8183022235047
"e1q5-1","SPOASP_45_1",47,55.538499176589,1,28.678465196687,4.01707645912588,3.35614649953959,16.1369032784633,64.823174283106
"e1q5-1","SPOASP_45_1",48,28.678465196687,1,15.9094087226885,3.35614649953959,2.76691067778031,11.2637193263718,37.8026921889992
"e1q5-1","SPOASP_45_1",49,15.9094087226885,1,18.128740575259,2.76691067778031,2.89749855601404,7.65579469881472,21.1829000990444
"e1q5-1","SPOASP_45_1",50,18.128740575259,1,40.3698596164745,2.89749855601404,3.69808345743682,8.39549788210344,24.3259429904136
"e1q5-1","SPOASP_45_1",52,40.3698596164745,1,35.400885380757,3.69808345743682,3.56673683058281,13.6758212581679,50.5743283616933
"e1q5-1","SPOASP_45_1",53,35.400885380757,1,41.6592773177955,3.56673683058281,3.72952408853391,12.7216116186359,45.374640704559
"e1q5-1","SPOASP_45_1",54,41.6592773177955,1,243.274577352763,3.72952408853391,5.49419075338361,13.9093499269547,51.8752556084249
"e1q5-1","SPOASP_45_1",55,243.274577352763,1,115.370468186086,5.49419075338361,4.74814841305774,30.1861320345659,165.848367504729
"e1q5-1","SPOASP_45_1",56,115.370468186086,0,NA,4.74814841305774,NA,22.5449133524227,107.04659455683
"e1q5-1","SPOASP_46_1",46,7.97049522703698,0,NA,2.07574662726283,NA,4.308724060593,8.94381943658212
"e1q5-1","SPOASP_46_2",46,13.0346988150156,1,51.2027450125534,2.5676149412509,3.93579314413474,6.59264648653487,16.9273776212122
"e1q5-1","SPOASP_46_2",47,51.2027450125534,1,25.5897600901524,3.93579314413474,3.24219227498716,15.490467673418,60.9672764684796
"e1q5-1","SPOASP_46_2",48,25.5897600901524,1,27.2413261282314,3.24219227498716,3.30473516321789,10.5118107479864,34.0813116032487
"e1q5-1","SPOASP_46_2",49,27.2413261282314,1,17.0098386441306,3.30473516321789,2.83379192042101,10.9212744990088,36.0919198640292
"e1q5-1","SPOASP_46_2",50,17.0098386441306,1,53.7564768016775,2.83379192042101,3.98446415838426,8.03037664824342,22.7564164637298
"e1q5-1","SPOASP_46_2",52,53.7564768016775,1,98.1058974434027,3.98446415838426,4.58604748141477,15.8759546294487,63.2571722011731
"e1q5-1","SPOASP_46_2",54,98.1058974434027,1,84.3167351288288,4.58604748141477,4.43458036403427,21.0318315017907,96.4529778883272
"e1q5-1","SPOASP_46_2",55,84.3167351288288,1,18.2093696682266,4.43458036403427,2.9019362785455,19.6655030050783,87.2082534751771
"e1q5-1","SPOASP_46_2",56,18.2093696682266,1,34.7820958490455,2.9019362785455,3.54910276729014,8.42123416473852,24.4378849327816
"e1q5-1","SPOASP_46_2",58,34.7820958490455,1,69.0992345900031,3.54910276729014,4.23554365386717,12.5961304527865,44.7049614471322
"e1q5-1","SPOASP_46_2",59,69.0992345900031,0,NA,4.23554365386717,NA,17.9398300438144,75.9849332935338
"e1q5-1","SPOASP_49_1",49,41.538683695436,1,25.103663557792,3.72662513030594,3.22301379396461,13.8877348618278,51.7543817391133
"e1q5-1","SPOASP_49_1",50,25.103663557792,1,21.371933986556,3.22301379396461,3.06207856530898,10.3878179160861,33.4800804327382
"e1q5-1","SPOASP_49_1",51,21.371933986556,1,53.345703958082,3.06207856530898,3.97679344888369,9.37632514012473,28.7110442329437
"e1q5-1","SPOASP_49_1",52,53.345703958082,1,35.3735625350765,3.97679344888369,3.56596472008693,15.8148861350843,62.8925355768447
"e1q5-1","SPOASP_49_1",53,35.3735625350765,1,33.74702056794,3.56596472008693,3.51889213395323,12.7161043849047,45.3451796135129
"e1q5-1","SPOASP_49_1",54,33.74702056794,1,64.1971227869486,3.51889213395323,4.16195839328896,12.3826018503979,43.57304024924
"e1q5-1","SPOASP_49_1",56,64.1971227869486,1,45.6261287172653,4.16195839328896,3.82048055060521,17.3218976674684,72.0930173848127
"e1q5-1","SPOASP_49_1",58,45.6261287172653,1,56.4091705600985,3.82048055060521,4.0326317438696,14.5960716375527,55.7640078065102
"e1q5-1","SPOASP_49_1",59,56.4091705600985,0,NA,4.0326317438696,NA,16.2621187816648,65.5791364215196
"e1q5-1","SPOASP_49_2",49,8.36055021738346,1,16.0450367543117,2.12352424040736,2.77539956526108,4.50935519959764,9.57572507495255
"e1q5-1","SPOASP_49_2",50,16.0450367543117,1,9.5573877085015,2.77539956526108,2.25731443747431,7.70284274685138,21.3784664108858
"e1q5-1","SPOASP_49_2",51,9.5573877085015,1,7.3221452152805,2.25731443747431,1.99090334723567,5.09546846962998,11.5020745421909
"e1q5-1","SPOASP_49_2",52,7.3221452152805,1,11.405731274611,1.99090334723567,2.43411597245426,3.9636961380342,7.8913359086374
"e1q5-1","SPOASP_49_2",53,11.405731274611,1,9.73358576751801,2.43411597245426,2.27558235528879,5.92492056735697,14.4219437885264
"e1q5-1","SPOASP_49_2",54,9.73358576751801,1,55.4803613384648,2.27558235528879,4.0160291083754,5.17827505570169,11.7835913475869
"e1q5-1","SPOASP_49_2",55,55.4803613384648,1,32.190787188536,4.0160291083754,3.4716802994552,16.1284897993185,64.7724845081988
"e1q5-1","SPOASP_49_2",56,32.190787188536,0,NA,3.4716802994552,NA,12.0525641016254,41.8426493495338
"e1q5-1","SPOASP_51_1",51,14.060393746098,1,11.5906193227557,2.64336189069153,2.45019609188222,6.98736208516031,18.4701266523757
"e1q5-1","SPOASP_51_1",52,11.5906193227557,1,16.5967796186766,2.45019609188222,2.80920867766738,6.00346088867493,14.7096564071991
"e1q5-1","SPOASP_51_1",53,16.5967796186766,0,NA,2.80920867766738,NA,7.8916533946817,22.1693011974831
"e1q5-1","SPOASP_52_1",52,13.9403548836815,0,NA,2.63478786294818,NA,6.94210708273903,18.2909794848874
"e1q5-1","SPOASP_52_2",52,2.88006058456604,0,NA,1.05781133023425,NA,1.11896481037195,1.18365365454486
"e1q5-1","SPOASP_52_3",52,2.39354138713064,0,NA,0.872774021169759,NA,0.761734492028831,0.664822075671706
"e1q5-1","SPOASP_53_1",53,15.0036126181005,0,NA,2.70829101331132,NA,7.33484021278287,19.8648818323543
"e1q5-1","SPOASP_54_1",54,21.373046440778,1,15.838623379285,3.0621306160626,2.76245147473615,9.37664390982791,28.712508392201
"e1q5-1","SPOASP_54_1",56,15.838623379285,1,68.4660763634494,2.76245147473615,4.22633838702846,7.63113815027193,21.080648837134
"e1q5-1","SPOASP_54_1",58,68.4660763634494,0,NA,4.22633838702846,NA,17.8619361616703,75.4905864667191
"e1q5-1","SPOASP_54_2",54,17.428176901302,0,NA,2.85808825861119,NA,8.16866849401112,23.3467755112203
"e1q5-1","SPOASP_55_1",55,14.6087337649815,0,NA,2.68161955294308,NA,7.19108342672662,19.283749923955
"e1q5-1","SPOASP_57_1",57,42.9882770114625,0,NA,3.76092745088348,NA,14.1445752908089,53.1967214922916
"e1q5-1","SPOASP_60_1",60,18.2658932701795,0,NA,2.90503556516578,NA,8.43923163487806,24.5162680419929
"e1q5-1","SPOASP_60_2",60,34.0561611246863,0,NA,3.52801095968351,NA,12.4468613316469,43.9126631917113
"e1q5-1","SPOASP_61_1",61,0.69750005,0,NA,-0.360252693602031,NA,0.129782003247519,-0.0467543162509862
"e1q5-1","SPOASP_62_1",62,8.38263303767649,1,30.4215239308985,2.12616207011527,3.41515038192411,4.52056514839687,9.61145415400646
"e1q5-1","SPOASP_62_1",63,30.4215239308985,0,NA,3.41515038192411,NA,11.6632521311564,39.8317599701961
"e1q5-1","SPOASP_62_10",62,7.49060036610052,0,NA,2.01364895000449,NA,4.05478209385417,8.16490770578643
"e1q5-1","SPOASP_62_11",62,3.70698665039447,0,NA,1.31021932297368,NA,1.7166746742936,2.24922032951901
"e1q5-1","SPOASP_62_2",62,7.72008176207547,0,NA,2.04382495492302,NA,4.17722044636608,8.53750739049768
"e1q5-1","SPOASP_62_3",62,11.115434061353,1,1.52576638876351,2.40833459850728,0.42249683383227,5.80007553836721,13.9685225930055
"e1q5-1","SPOASP_62_3",63,1.52576638876351,0,NA,0.42249683383227,NA,0.178503574598293,0.075417195095521
"e1q5-1","SPOASP_62_4",62,6.10255830315851,0,NA,1.80870807721861,NA,3.27142490859585,5.91705265619147
"e1q5-1","SPOASP_62_5",62,11.8876117373355,0,NA,2.47549682739289,NA,6.12808454243224,15.1700538427864
"e1q5-1","SPOASP_62_6",62,15.17601313343,0,NA,2.71971609804022,NA,7.39685565393912,20.117347396898
"e1q5-1","SPOASP_62_7",62,5.93899054797152,0,NA,1.78153917751394,NA,3.17388184101704,5.65439484457192
"e1q5-1","SPOASP_62_8",62,26.238306424369,1,5.35605213465203,3.26722042023875,1.67822716165983,10.6747292744251,34.876693465922
"e1q5-1","SPOASP_62_8",63,5.35605213465203,0,NA,1.67822716165983,NA,2.81644640613279,4.72663685813125
"e1q5-1","SPOASP_62_9",62,23.2202791496666,0,NA,3.14502599814695,NA,9.89118852902021,31.1080450763414
"e1q5-1","SPOASP_63_1",63,5.4344126489655,1,20.957940030139,1.69275144646576,3.04251757361813,2.86540745951192,4.85042262180258
"e1q5-1","SPOASP_63_1",64,20.957940030139,1,6.16658002257351,3.04251757361813,1.81914439292398,9.25691318577514,28.1643210451782
"e1q5-1","SPOASP_63_1",66,6.16658002257351,0,NA,1.81914439292398,NA,3.30928632230674,6.02006965780432
"e1q5-1","SPOASP_64_1",64,11.6347226303645,0,NA,2.45399395722338,NA,6.02208634208888,14.7781634933636
"e1q5-1","SPOASP_64_2",64,20.8946109090966,0,NA,3.03949127448202,NA,9.23850720765234,28.0803620468986
"e1q5-1","SPOASP_66_1",66,0.720835408082995,0,NA,-0.327344450582928,NA,0.107154389327439,-0.0350763947019397
"e1q5-1","SPOASP_66_2",66,0.720841759177998,0,NA,-0.327335639879468,NA,0.107148621135301,-0.0350735624615263
"e1q5-1","SPOASP_70_1",70,12.6219620556356,0,NA,2.53543831694897,NA,6.42844745905304,16.2989320061763
"e1q5-1","SPOASP_70_2",70,8.05255194987749,0,NA,2.0859890535998,NA,4.35135033173818,9.07686916038369
"e1q5-1","SPOASP_70_3",70,5.71952259114455,0,NA,1.74388533882185,NA,3.04113607495781,5.30339261448115
"e1q5-1","SPOASP_70_4",70,7.20777221068048,0,NA,1.97515991751484,NA,3.90125669975724,7.70560586129673
"e2q2-3","SPOASP_35_1",35,21.3912522653905,1,4.01843445215202,3.06298206581219,1.39089238701639,9.38185913548711,28.7364662759733
"e2q2-3","SPOASP_35_1",37,4.01843445215202,0,NA,1.39089238701639,NA,1.93458163226016,2.6907948643724
"e2q2-3","SPOASP_35_2",35,30.6285745236127,1,36.15382781299,3.42193338119212,3.58778282994216,11.7096280653169,40.069567158052
"e2q2-3","SPOASP_35_2",37,36.15382781299,1,83.2827319455055,3.58778282994216,4.42224122810951,12.8721856348278,46.1826066044633
"e2q2-3","SPOASP_35_2",38,83.2827319455055,1,61.7399984501601,4.42224122810951,4.12293199397133,19.5562174795915,86.4823112041252
"e2q2-3","SPOASP_35_2",39,61.7399984501601,1,25.3785650190416,4.12293199397133,3.23390492085493,16.9985682269124,70.0839407944415
"e2q2-3","SPOASP_35_2",41,25.3785650190416,1,20.6985389867115,3.23390492085493,3.03006311742831,10.4581410371297,33.8206337629687
"e2q2-3","SPOASP_35_2",42,20.6985389867115,1,77.5613360487227,3.03006311742831,4.35106905622818,9.18128249559938,27.8198654606058
"e2q2-3","SPOASP_35_2",43,77.5613360487227,1,82.5821694554476,4.35106905622818,4.41379379106767,18.9318019320664,82.3735775652551
"e2q2-3","SPOASP_35_2",44,82.5821694554476,1,72.4798175121675,4.41379379106767,4.28330814396345,19.4815756300675,85.9876575562073
"e2q2-3","SPOASP_35_2",45,72.4798175121675,1,73.3468271502458,4.28330814396345,4.29519924735138,18.3467286561436,78.5846922679473
"e2q2-3","SPOASP_35_2",46,73.3468271502458,1,48.1749962999378,4.29519924735138,3.87484013749582,18.4487365744478,79.2409994491521
"e2q2-3","SPOASP_35_2",48,48.1749962999378,1,36.521791393496,3.87484013749582,3.59790910691958,15.0143860911486,58.1783458658414
"e2q2-3","SPOASP_35_2",49,36.521791393496,1,42.2069025100685,3.59790910691958,3.74258377425571,12.9449499416548,46.5747532836979
"e2q2-3","SPOASP_35_2",50,42.2069025100685,1,59.0537509115984,3.74258377425571,4.07844806156755,14.0069333073221,52.4221213230657
"e2q2-3","SPOASP_35_2",51,59.0537509115984,1,148.978509774194,4.07844806156755,5.00380206583996,16.6337385909041,67.8398389126942
"e2q2-3","SPOASP_35_2",52,148.978509774194,1,70.0550773101724,5.00380206583996,4.24928175138653,25.0380351141042,125.285371828528
"e2q2-3","SPOASP_35_2",53,70.0550773101724,1,31.3983458133454,4.24928175138653,3.44675521042286,18.0563954026666,76.7267114803709
"e2q2-3","SPOASP_35_2",54,31.3983458133454,1,29.8062093039476,3.44675521042286,3.39471673771048,11.8801214805771,40.9478706136358
"e2q2-3","SPOASP_35_2",55,29.8062093039476,1,20.3552959933734,3.39471673771048,3.01334112340526,11.5241017292917,39.1210610275048
"e2q2-3","SPOASP_35_2",56,20.3552959933734,1,24.0547953098681,3.01334112340526,3.18033436586009,9.0802247260053,27.3618145766331
"e2q2-3","SPOASP_35_2",57,24.0547953098681,0,NA,3.18033436586009,NA,10.1145266786707,32.1675767905853
"e2q2-3","SPOASP_36_1",36,13.428713862911,1,48.249661181978,2.59739523997096,3.87638880562517,6.7464620326238,17.5232283701819
"e2q2-3","SPOASP_36_1",37,48.249661181978,1,54.351507732995,3.87638880562517,3.9954723543599,15.0263901723761,58.2481306531549
"e2q2-3","SPOASP_36_1",38,54.351507732995,1,48.8024984000457,3.9954723543599,3.88778150827084,15.9637993344542,63.7829189113609
"e2q2-3","SPOASP_36_1",39,48.8024984000457,0,NA,3.88778150827084,NA,15.1148450560527,58.7632151093006
"e2q2-3","SPOASP_37_1",37,21.769196340152,1,21.9625113465945,3.08049595863266,3.08933697014801,9.48945535115216,29.2322288588493
"e2q2-3","SPOASP_37_1",38,21.9625113465945,1,46.4250015500231,3.08933697014801,3.83783814062645,9.54400291512326,29.4846410488906
"e2q2-3","SPOASP_37_1",39,46.4250015500231,1,12.1558647424255,3.83783814062645,2.49781174817671,14.7290015936471,56.5275240894466
"e2q2-3","SPOASP_37_1",40,12.1558647424255,0,NA,2.49781174817671,NA,6.23906352932959,15.5840061811803
"e2q2-3","SPOASP_37_2",37,15.6813574556045,1,26.7334949264665,2.75247258359884,3.28591727081701,7.57610532346329,20.8530221932899
"e2q2-3","SPOASP_37_2",38,26.7334949264665,1,43.2550008999883,3.28591727081701,3.76711285443891,10.7972523106535,35.4788778449451
"e2q2-3","SPOASP_37_2",39,43.2550008999883,0,NA,3.76711285443891,NA,14.1911392580789,53.4596231182416
"e2q2-3","SPOASP_43_1",43,11.711668474678,1,19.49935625677,2.46058565035299,2.97038145255144,6.05448174272302,14.8975708964684
"e2q2-3","SPOASP_43_1",45,19.49935625677,1,59.9378863053646,2.97038145255144,4.09330879775931,8.82316597366163,26.2081685609475
"e2q2-3","SPOASP_43_1",46,59.9378863053646,1,72.7400008499941,4.09330879775931,4.28689145124422,16.7551769138138,68.5841130693278
"e2q2-3","SPOASP_43_1",48,72.7400008499941,1,62.8096290504595,4.28689145124422,4.14010839054946,18.3774383147507,78.7820832072729
"e2q2-3","SPOASP_43_1",49,62.8096290504595,1,57.39526836284,4.14010839054946,4.04996186722462,17.1404974854981,70.9635174579025
"e2q2-3","SPOASP_43_1",50,57.39526836284,1,45.00001916183,4.04996186722462,3.80666291558867,16.4021911259736,66.428248599123
"e2q2-3","SPOASP_43_1",51,45.00001916183,1,114.52358243895,3.80666291558867,4.74078076195291,14.4906825529181,55.161143895761
"e2q2-3","SPOASP_43_1",53,114.52358243895,1,79.665744453845,4.74078076195291,4.37783968730324,22.4750022329028,106.549058210595
"e2q2-3","SPOASP_43_1",54,79.665744453845,1,72.2595919610085,4.37783968730324,4.28026507888662,19.1654803277273,83.9034004049543
"e2q2-3","SPOASP_43_1",55,72.2595919610085,1,131.804184588328,4.28026507888662,4.88131737109648,18.3206691455363,78.4173203654745
"e2q2-3","SPOASP_43_1",56,131.804184588328,1,61.6609629583835,4.88131737109648,4.12165103956576,23.8272592773682,116.308414616237
"e2q2-3","SPOASP_43_1",57,61.6609629583835,0,NA,4.12165103956576,NA,16.9880072919535,70.0186379150309
"e2q2-3","SPOASP_44_1",44,3.2530606366305,0,NA,1.1795962875359,NA,1.39144740156848,1.64134618919166
"e2q2-3","SPOASP_44_2",44,15.0359157474855,1,36.7742557329155,2.71044172230006,3.60479802788476,7.34649432998491,19.9122447446319
"e2q2-3","SPOASP_44_2",45,36.7742557329155,1,43.7486640907845,3.60479802788476,3.77846107726964,12.9945688218418,46.8427960621881
"e2q2-3","SPOASP_44_2",46,43.7486640907845,1,113.820003550042,3.77846107726964,4.73461828436494,14.2767681124416,53.9442126220649
"e2q2-3","SPOASP_44_2",48,113.820003550042,1,142.03701339295,4.73461828436494,4.95608768133278,22.4166102986428,106.134092993438
"e2q2-3","SPOASP_44_2",49,142.03701339295,1,112.476258507323,4.95608768133278,4.72274216388289,24.5628051050585,121.735415800158
"e2q2-3","SPOASP_44_2",50,112.476258507323,1,142.285691134233,4.72274216388289,4.95783694581806,22.3042935465172,105.337427567758
"e2q2-3","SPOASP_44_2",51,142.285691134233,1,132.87467374779,4.95783694581806,4.88940638132732,24.5801471813185,121.864361829187
"e2q2-3","SPOASP_44_2",52,132.87467374779,1,175.764412425052,4.88940638132732,5.16914453259198,23.9062947617643,116.887590162062
"e2q2-3","SPOASP_44_2",53,175.764412425052,1,200.041718932015,5.16914453259198,5.29852593945527,26.7200551988256,138.119827241565
"e2q2-3","SPOASP_44_2",54,200.041718932015,1,199.325390708033,5.29852593945527,5.29493861854233,28.0743771310804,148.752815463079
"e2q2-3","SPOASP_44_2",55,199.325390708033,1,222.077233358979,5.29493861854233,5.40302521938322,28.0363749741309,148.45088457446
"e2q2-3","SPOASP_44_2",56,222.077233358979,1,124.76345823298,5.40302521938322,4.82641961043992,29.1926815212911,157.728794480958
"e2q2-3","SPOASP_44_2",57,124.76345823298,1,74.6228233162986,4.82641961043992,4.31244640299656,23.294326256039,112.428193054132
"e2q2-3","SPOASP_44_2",58,74.6228233162986,1,35.779613517455,4.31244640299656,3.57737827638599,18.5971939787179,80.1994022793514
"e2q2-3","SPOASP_44_2",60,35.779613517455,1,49.013942092286,3.57737827638599,3.89210479013457,12.7976353323584,45.7819826270886
"e2q2-3","SPOASP_44_2",61,49.013942092286,1,142.834915976146,3.89210479013457,4.96168952965475,15.1484796973884,58.9594703934617
"e2q2-3","SPOASP_44_2",62,142.834915976146,1,55.39817935205,4.96168952965475,4.01454672953181,24.6183629886856,122.148673878201
"e2q2-3","SPOASP_44_2",64,55.39817935205,0,NA,4.01454672953181,NA,16.1165854435945,64.7007853838024
"e2q2-3","SPOASP_45_1",45,6.55126262636448,0,NA,1.87965779845381,NA,3.53311343928821,6.64104422898003
"e2q2-3","SPOASP_49_1",49,5.68966617668702,0,NA,1.73865157799662,NA,3.02290930967014,5.25578604139867
"e2q2-3","SPOASP_49_2",49,3.99949323054141,0,NA,1.38616766072909,NA,1.92146078365115,2.6634667996564
"e2q2-3","SPOASP_49_3",49,2.72811674836256,0,NA,1.00361153538607,NA,1.00723611395998,1.01087378282767
"e2q2-3","SPOASP_53_1",53,12.166341766534,1,7.97675201043451,2.49867326744328,2.07653131237185,6.24336809743568,15.6001369638708
"e2q2-3","SPOASP_53_1",54,7.97675201043451,1,5.95830399579449,2.07653131237185,1.7847858761171,4.31198229126076,8.95396624619587
"e2q2-3","SPOASP_53_1",55,5.95830399579449,1,9.53163506332499,1.7847858761171,2.25461627307818,3.18546062358707,5.68536512990537
"e2q2-3","SPOASP_53_1",56,9.53163506332499,1,20.849715079479,2.25461627307818,3.03734028289863,5.08329453882894,11.4608785880932
"e2q2-3","SPOASP_53_1",57,20.849715079479,0,NA,3.03734028289863,NA,9.22543599411876,28.0207883722399
"e2q2-3","SPOASP_53_2",53,35.78980033436,1,8.8724237044615,3.57766294595153,2.18294800639887,12.7996721548346,45.7929127886793
"e2q2-3","SPOASP_53_2",55,8.8724237044615,1,4.993757869356,2.18294800639887,1.60818870637221,4.76526199864078,10.4023191799012
"e2q2-3","SPOASP_53_2",57,4.993757869356,0,NA,1.60818870637221,NA,2.58627091530311,4.15921167760938
"e2q2-3","SPOASP_53_3",53,20.1375992634435,0,NA,3.0025886777743,NA,9.01553876789839,27.069954628527
"e2q2-3","SPOASP_57_1",57,36.4554563978655,0,NA,3.59609114266612,NA,12.9318715063617,46.5041885821237
"e2q2-3","SPOASP_60_1",60,20.6608471852765,1,80.6412403467819,3.02824046891449,4.39001018548927,9.17024033757144,27.7696928999059
"e2q2-3","SPOASP_60_1",61,80.6412403467819,1,31.1390185734485,4.39001018548927,3.43846164932116,19.2721894286995,84.6051078886694
"e2q2-3","SPOASP_60_1",62,31.1390185734485,1,24.146096590803,3.43846164932116,3.18412273518394,11.8230185138524,40.6529957390954
"e2q2-3","SPOASP_60_1",63,24.146096590803,1,54.599963762845,3.18412273518394,4.00003321906648,10.1386375927152,32.2826664627552
"e2q2-3","SPOASP_60_1",64,54.599963762845,1,45.2729678314886,4.00003321906648,3.8127101177591,16.0002657536354,64.0015945284332
"e2q2-3","SPOASP_60_1",65,45.2729678314886,1,55.9576055142135,3.8127101177591,4.02459435964329,14.5367584420626,55.4244459914722
"e2q2-3","SPOASP_60_1",66,55.9576055142135,1,11.027240488526,4.02459435964329,2.40036861960067,16.1973597596726,65.1878027298917
"e2q2-3","SPOASP_60_1",67,11.027240488526,0,NA,2.40036861960067,NA,5.76176950996361,13.8303707250886
"e2q2-3","SPOASP_60_2",60,38.4474569592949,0,NA,3.64929255486438,NA,13.3173361509886,48.5988556664288
"e2q2-3","SPOASP_61_1",61,12.543153184773,0,NA,2.52917495373787,NA,6.39672594661498,16.1784390501038
"e2q2-3","SPOASP_62_1",62,6.47171223425001,1,46.610405018516,1.8674407155801,3.84182379986666,3.48733482620631,6.51239104331811
"e2q2-3","SPOASP_62_1",64,46.610405018516,1,29.319738622964,3.84182379986666,3.37826096234584,14.7596101092219,56.7038213943611
"e2q2-3","SPOASP_62_1",65,29.319738622964,0,NA,3.37826096234584,NA,11.4126471297098,38.5549002753269
"e2q2-3","SPOASP_62_2",62,32.4683844119875,0,NA,3.48026682854756,NA,12.1122571978885,42.1538869446479
"e2q2-3","SPOASP_62_3",62,24.1003838162475,0,NA,3.18222776635517,NA,10.1265735569618,32.2250635510018
"e2q2-3","SPOASP_62_4",62,0.733964077307594,0,NA,-0.309295192563099,NA,0.0956635161426448,-0.0295882656466025
"e2q2-3","SPOASP_64_1",64,10.892143496931,0,NA,2.38804174925016,NA,5.70274339616177,13.618389315295
"e2q2-3","SPOASP_64_2",64,3.74291525345001,0,NA,1.31986478732213,NA,1.7420430568129,2.29926128868636
"e2q2-3","SPOASP_68_1",68,11.747496100013,0,NA,2.46364012001036,NA,6.06952264092464,14.9531194874932
"e2q2-3","SPOASP_68_2",68,4.55249840000108,0,NA,1.51567618116456,NA,2.29727428614958,3.48192391711872
"e2q2-3","SPOASP_68_3",68,28.6074999759982,1,3.78740103959819,3.35366892037073,1.33168004233525,11.2470952274606,37.7190337087845
"e2q2-3","SPOASP_68_3",70,3.78740103959819,0,NA,1.33168004233525,NA,1.77337173515401,2.36156374734602
"e2q2-4","SPOASP_35_1",35,8.23704644383596,1,22.628548728573,2.10864183838391,3.11921232716801,4.44637040258306,9.37580265983852
"e2q2-4","SPOASP_35_1",37,22.628548728573,1,19.2239463462455,3.11921232716801,2.95615670745261,9.72948554195689,30.3483312394749
"e2q2-4","SPOASP_35_1",38,19.2239463462455,0,NA,2.95615670745261,NA,8.73886247901708,25.8334469328523
"e2q2-4","SPOASP_35_2",35,11.5006228883227,1,5.65982295929268,2.44240119810435,1.73339261244897,5.96532361250157,14.569713538254
"e2q2-4","SPOASP_35_2",36,5.65982295929268,1,55.5332436880775,1.73339261244897,4.01698182680302,3.00464994889268,5.20823802440575
"e2q2-4","SPOASP_35_2",37,55.5332436880775,1,61.8036663079886,4.01698182680302,4.12396268807595,16.1361429968657,64.8185931731045
"e2q2-4","SPOASP_35_2",38,61.8036663079886,1,26.4325651315932,4.12396268807595,3.27459677769389,17.0070682526426,70.1365149074591
"e2q2-4","SPOASP_35_2",39,26.4325651315932,1,28.0980522436191,3.27459677769389,3.3357002587636,10.7229840564832,35.1134490386228
"e2q2-4","SPOASP_35_2",40,28.0980522436191,1,41.417500092451,3.3357002587636,3.72370349906273,11.1268962163155,37.1159905879993
"e2q2-4","SPOASP_35_2",41,41.417500092451,1,76.5720057211267,3.72370349906273,4.33823154938986,13.865967748932,51.632752624589
"e2q2-4","SPOASP_35_2",43,76.5720057211267,1,7.49452537558574,4.33823154938986,2.0141728040772,18.8202529761215,81.6466152285087
"e2q2-4","SPOASP_35_2",44,7.49452537558574,1,9.70626222005786,2.0141728040772,2.27277126690264,4.05689208468422,8.17128170604702
"e2q2-4","SPOASP_35_2",45,9.70626222005786,0,NA,2.27277126690264,NA,5.16548923165825,11.7399755052079
"e2qo-1","SPOASP_35_1",35,43.8522549841825,1,84.5923158523405,3.78082614244882,4.43784343331841,14.2946463194245,54.0455725015399
"e2qo-1","SPOASP_35_1",37,84.5923158523405,1,159.901387506041,4.43784343331841,5.07455729713835,19.6944543386473,87.4009048595552
"e2qo-1","SPOASP_35_1",38,159.901387506041,1,147.731566744614,5.07455729713835,4.99539688873733,25.7511317619401,130.675593592124
"e2qo-1","SPOASP_35_1",39,147.731566744614,1,60.689070270417,4.99539688873733,4.10576362040956,24.9539900760066,124.655084387266
"e2qo-1","SPOASP_35_1",40,60.689070270417,1,52.857498099669,4.10576362040956,3.96759957736492,16.8572949066786,69.2120681663565
"e2qo-1","SPOASP_35_1",41,52.857498099669,1,61.4903892888489,3.96759957736492,4.11888089087474,15.7418464063063,62.4573431486044
"e2qo-1","SPOASP_35_1",42,61.4903892888489,1,26.2950578631026,4.11888089087474,3.26938100757521,16.9651797932131,69.8775548605197
"e2qo-1","SPOASP_35_1",43,26.2950578631026,0,NA,3.26938100757521,NA,10.6888521726935,34.9459302861831
"e2qo-1","SPOASP_35_2",35,29.0967915567009,1,36.5919102178466,3.37062791231536,3.59982718367681,11.3611325232794,38.2941503984793
"e2qo-1","SPOASP_35_2",36,36.5919102178466,1,69.78640361776,3.59982718367681,4.24543920021767,12.9587557523385,46.6492812238964
"e2qo-1","SPOASP_35_2",37,69.78640361776,1,100.635775112437,4.24543920021767,4.6115078118686,18.0237540027449,76.5187517783333
"e2qo-1","SPOASP_35_2",38,100.635775112437,1,97.5966909138591,4.6115078118686,4.58084358827316,21.2660042989251,98.0683449517246
"e2qo-1","SPOASP_35_2",39,97.5966909138591,1,83.8938910546543,4.58084358827316,4.42955279860118,20.9841279802233,96.1250081137093
"e2qo-1","SPOASP_35_2",40,83.8938910546543,1,64.7725051299814,4.42955279860118,4.17088120976634,19.6209379955955,86.9119808095703
"e2qo-1","SPOASP_35_2",41,64.7725051299814,1,123.673940180258,4.17088120976634,4.81764858768355,17.3962500659819,72.5576925206003
"e2qo-1","SPOASP_35_2",42,123.673940180258,1,53.411317725232,4.81764858768355,3.9780226659296,23.2097379144093,111.816361083859
"e2qo-1","SPOASP_35_2",43,53.411317725232,1,52.9550944523338,3.9780226659296,3.96944427992795,15.8246643306497,62.950873388052
"e2qo-1","SPOASP_35_3",35,5.28806115875101,1,6.03238178970999,1.66545166805569,1.79714192275274,2.77372925862948,4.61951202051935
"e2qo-1","SPOASP_35_3",36,6.03238178970999,1,6.85359644809949,1.79714192275274,1.92477354341431,3.2297190905154,5.80426357628006
"e2qo-1","SPOASP_35_3",37,6.85359644809949,0,NA,1.92477354341431,NA,3.70475319342767,7.13081093158925
"e2qo-1","SPOASP_39_1",39,11.1664336871386,0,NA,2.41291228610692,NA,5.82214570044574,14.0483268921101
"e2qo-1","SPOASP_39_2",39,4.62623507160329,0,NA,1.5317433778237,NA,2.34623777550677,3.59383417543231
"e2qo-1","SPOASP_40_1",40,16.593804293765,1,27.195000299986,2.8090293903775,3.30303314390585,7.89064611600459,22.165056848925
"e2qo-1","SPOASP_40_1",41,27.195000299986,1,48.5745302445975,3.30303314390585,3.88309932449307,10.9100279497406,36.0361839189322
"e2qo-1","SPOASP_40_1",42,48.5745302445975,1,64.4484486252704,3.88309932449307,4.16586565811442,15.0784603638785,58.5511592533721
"e2qo-1","SPOASP_40_1",43,64.4484486252704,1,103.345469659377,4.16586565811442,4.63807745023112,17.3544366814571,72.2962517872033
"e2qo-1","SPOASP_40_2",40,8.10188563634651,1,13.9643535434335,2.09209682919661,2.63650790712864,4.37686914273452,9.15683405532338
"e2qo-1","SPOASP_40_2",42,13.9643535434335,0,NA,2.63650790712864,NA,6.95117394435185,18.3268250681102
"e2qo-1","SPOASP_40_3",40,12.8741842350634,1,1.87249865000003,2.55522408415902,0.627273715447712,6.52917012026631,16.6834927408759
"e2qo-1","SPOASP_40_3",41,1.87249865000003,1,78.7215986271538,0.627273715447712,4.36591756030144,0.393472314091577,0.246814840386033
"e2qo-1","SPOASP_40_3",42,78.7215986271538,1,49.2307126985754,4.36591756030144,3.89651767058133,19.0612361433485,83.2197855992975
"e2qo-1","SPOASP_40_3",43,49.2307126985754,0,NA,3.89651767058133,NA,15.1828499571526,59.1602431478301
"e2qo-1","SPOASP_42_1",42,1.8587149610555,0,NA,0.619885367803789,NA,0.384257869217239,0.238195830591228
"e2qo-1","SPOASP_43_1",43,14.8131094349968,0,NA,2.69551256133991,NA,7.26578796834125,19.5850227366962
