"quad","species","track_id","year","size_t0","recruit","survives","age","size_t1","logsize_t0","logsize_t1","logsize_t0_2","logsize_t0_3"
"gzgz_11","Sitanion hystrix","SITHYS_2003_1",2003,0.000298155075757335,1,0,0,NA,-8.11789681836655,NA,65.9002487536457,-534.971419686785
"gzgz_19","Sitanion hystrix","SITHYS_1997_1",1997,0.00452925368128392,NA,1,NA,0.00258131624297986,-5.39719810332846,-5.95945583844433,29.1297473665723,-157.219017237301
"gzgz_19","Sitanion hystrix","SITHYS_1997_1",1998,0.00258131624297986,NA,1,NA,0.00254059170373543,-5.95945583844433,-5.97535827085477,35.5151138903682,-211.65075282697
"gzgz_19","Sitanion hystrix","SITHYS_1997_1",1999,0.00254059170373543,NA,1,NA,0.000906206499214095,-5.97535827085477,-7.00624335381467,35.7049064650724,-213.349608156166
"gzgz_19","Sitanion hystrix","SITHYS_1997_1",2001,0.000906206499214095,NA,0,NA,NA,-7.00624335381467,NA,49.0874459328723,-343.918591822924
"gzgz_19","Sitanion hystrix","SITHYS_1997_10",1997,0.000558133846172601,NA,0,NA,NA,-7.49091175665378,NA,56.1137589459739,-420.343216598432
"gzgz_19","Sitanion hystrix","SITHYS_1997_2",1997,0.00161334804730836,NA,1,NA,0.00190723517663909,-6.42944372673084,-6.2621006371363,41.3377466351986,-265.778715780866
"gzgz_19","Sitanion hystrix","SITHYS_1997_2",1998,0.00190723517663909,NA,1,NA,0.00186341644857474,-6.2621006371363,-6.28534367580287,39.2139043896228,-245.561415662859
"gzgz_19","Sitanion hystrix","SITHYS_1997_2",1999,0.00186341644857474,NA,1,NA,0.000555581335923359,-6.28534367580287,-7.49549554029887,39.5055451229551,-248.305928197711
"gzgz_19","Sitanion hystrix","SITHYS_1997_2",2001,0.000555581335923359,NA,0,NA,NA,-7.49549554029887,NA,56.1824533946403,-421.115328862575
"gzgz_19","Sitanion hystrix","SITHYS_1997_3",1997,0.0340987978697022,NA,1,NA,0.0115251649992556,-3.37849314840198,-4.46322237356368,11.4142159537991,-38.562850394291
"gzgz_19","Sitanion hystrix","SITHYS_1997_3",1998,0.0115251649992556,NA,1,NA,0.031330649998947,-4.46322237356368,-3.46315842737889,19.9203539558794,-88.9089694651888
"gzgz_19","Sitanion hystrix","SITHYS_1997_3",1999,0.031330649998947,NA,1,NA,0.00721638458940212,-3.46315842737889,-4.93140120088454,11.9934662931255,-41.5352738665221
"gzgz_19","Sitanion hystrix","SITHYS_1997_3",2000,0.00721638458940212,NA,1,NA,0.00589883307660923,-4.93140120088454,-5.13300073125778,24.3187178040854,-119.925354183039
"gzgz_19","Sitanion hystrix","SITHYS_1997_3",2001,0.00589883307660923,NA,1,NA,0.000705879932831324,-5.13300073125778,-7.25606540174519,26.3476965070929,-135.242745437866
"gzgz_19","Sitanion hystrix","SITHYS_1997_3",2003,0.000705879932831324,NA,0,NA,NA,-7.25606540174519,NA,52.6504851144035,-382.035363423723
"gzgz_19","Sitanion hystrix","SITHYS_1997_4",1997,0.00154521059517115,NA,1,NA,0.00150190323448733,-6.47259507036731,-6.50102215215806,41.8944869449433,-271.166049675408
"gzgz_19","Sitanion hystrix","SITHYS_1997_4",1999,0.00150190323448733,NA,1,NA,0.000533609423109418,-6.50102215215806,-7.53584640401838,42.2632890228498,-274.754578160605
"gzgz_19","Sitanion hystrix","SITHYS_1997_4",2000,0.000533609423109418,NA,0,NA,NA,-7.53584640401838,NA,56.7889810249567,-427.953038444788
"gzgz_19","Sitanion hystrix","SITHYS_1997_5",1997,0.00189679917009181,NA,1,NA,0.00161341472195718,-6.26758746074385,-6.42940240070002,39.2826525780735,-246.207460723091
"gzgz_19","Sitanion hystrix","SITHYS_1997_5",1999,0.00161341472195718,NA,0,NA,NA,-6.42940240070002,NA,41.3372152301272,-265.773590838833
"gzgz_19","Sitanion hystrix","SITHYS_1997_6",1997,0.00526811213782251,NA,1,NA,0.00669789595347561,-5.24608320872506,-5.00596183869978,27.521389032867,-144.379496886113
"gzgz_19","Sitanion hystrix","SITHYS_1997_6",1998,0.00669789595347561,NA,1,NA,0.013396144095627,-5.00596183869978,-4.3127883674921,25.0596539305185,-125.447671267199
"gzgz_19","Sitanion hystrix","SITHYS_1997_6",1999,0.013396144095627,NA,1,NA,0.00627758159625198,-4.3127883674921,-5.07077046880881,18.6001435027752,-80.2184825324525
"gzgz_19","Sitanion hystrix","SITHYS_1997_6",2000,0.00627758159625198,NA,1,NA,0.00619617161911257,-5.07077046880881,-5.08382365843916,25.7127131473435,-130.383266500502
"gzgz_19","Sitanion hystrix","SITHYS_1997_6",2001,0.00619617161911257,NA,0,NA,NA,-5.08382365843916,NA,25.8452629901058,-131.392759447682
"gzgz_19","Sitanion hystrix","SITHYS_1997_7",1997,0.00199957002082306,NA,1,NA,0.00107402592688712,-6.21482311112424,-6.83634114269604,38.6240263025639,-240.041491309845
"gzgz_19","Sitanion hystrix","SITHYS_1997_7",1998,0.00107402592688712,NA,1,NA,0.00180670601960857,-6.83634114269604,-6.31624997036475,46.7355602193186,-319.500233154276
"gzgz_19","Sitanion hystrix","SITHYS_1997_7",1999,0.00180670601960857,NA,1,NA,0.000477696148106757,-6.31624997036475,-7.64653570101565,39.8950136881327,-251.98687902537
"gzgz_19","Sitanion hystrix","SITHYS_1997_7",2001,0.000477696148106757,NA,0,NA,NA,-7.64653570101565,NA,58.469508226907,-447.089182077872
"gzgz_19","Sitanion hystrix","SITHYS_1997_8",1997,0.00320650609190702,NA,1,NA,0.00318386288653368,-5.74257337951531,-5.74966007520185,32.9771490191179,-189.373698089496
"gzgz_19","Sitanion hystrix","SITHYS_1997_8",1998,0.00318386288653368,NA,1,NA,0.0101358368726477,-5.74966007520185,-4.59167792995155,33.0585909803701,-190.075660702262
"gzgz_19","Sitanion hystrix","SITHYS_1997_8",1999,0.0101358368726477,NA,1,NA,0.00731124912553779,-4.59167792995155,-4.91834114081207,21.0835062124042,-96.8086701614928
"gzgz_19","Sitanion hystrix","SITHYS_1997_8",2000,0.00731124912553779,NA,1,NA,0.00480985017624029,-4.91834114081207,-5.33708934374038,24.1900795774045,-118.975063585066
"gzgz_19","Sitanion hystrix","SITHYS_1997_8",2001,0.00480985017624029,NA,1,NA,0.000500771848597212,-5.33708934374038,-7.59935995262338,28.4845226630671,-152.024442366587
"gzgz_19","Sitanion hystrix","SITHYS_1997_8",2002,0.000500771848597212,NA,0,NA,NA,-7.59935995262338,NA,57.750271689536,-438.86510193058
"gzgz_19","Sitanion hystrix","SITHYS_1997_9",1997,0.00176767945795602,NA,0,NA,NA,-6.33808763326497,NA,40.1713548469463,-254.609567366929
"gzgz_19","Sitanion hystrix","SITHYS_1998_1",1998,0.000650840024464527,1,1,0,0.00279276195508453,-7.337246684104,-5.88072422476533,53.8351889033951,-395.002061269548
"gzgz_19","Sitanion hystrix","SITHYS_1998_1",1999,0.00279276195508453,0,1,1,2.4999999999999e-05,-5.88072422476533,-10.5966347330961,34.5829174077418,-203.372600162766
"gzgz_19","Sitanion hystrix","SITHYS_1998_1",2000,2.4999999999999e-05,0,1,2,0.000627896593244201,-10.5966347330961,-7.37313506549326,112.288667666659,-1189.8819959296
"gzgz_19","Sitanion hystrix","SITHYS_1998_1",2001,0.000627896593244201,0,0,3,NA,-7.37313506549326,NA,54.3631206940064,-400.826631458621
"gzgz_19","Sitanion hystrix","SITHYS_1998_2",1998,0.00184395839331536,1,1,0,0.00088434962970735,-6.29584071738029,-7.03065806480087,39.6376103386236,-249.55208110956
"gzgz_19","Sitanion hystrix","SITHYS_1998_2",1999,0.00088434962970735,0,1,1,0.00063002879705173,-7.03065806480087,-7.36974503001743,49.4301528241495,-347.526502597446
"gzgz_19","Sitanion hystrix","SITHYS_1998_2",2000,0.00063002879705173,0,0,2,NA,-7.36974503001743,NA,54.3131418074666,-400.274006900208
"gzgz_19","Sitanion hystrix","SITHYS_1998_3",1998,0.000338124415276117,1,1,0,0.00374455212087852,-7.9920966376778,-5.58745326305579,63.8736086659808,-510.484053055733
"gzgz_19","Sitanion hystrix","SITHYS_1998_3",1999,0.00374455212087852,0,1,1,0.000844816280985928,-5.58745326305579,-7.07639137319759,31.2196339668328,-174.438245679387
"gzgz_19","Sitanion hystrix","SITHYS_1998_3",2000,0.000844816280985928,0,1,2,0.000734103755160892,-7.07639137319759,-7.21686018353452,50.0753148666653,-354.352526132623
"gzgz_19","Sitanion hystrix","SITHYS_1998_3",2001,0.000734103755160892,0,0,3,NA,-7.21686018353452,NA,52.0830709086859,-375.8762406771
"gzgz_19","Sitanion hystrix","SITHYS_1998_4",1998,0.0013088467436804,1,1,0,0.00386407638450561,-6.63860887783882,-5.55603259458046,44.0711278329204,-292.570980487995
"gzgz_19","Sitanion hystrix","SITHYS_1998_4",1999,0.00386407638450561,0,1,1,4.99999999999988e-05,-5.55603259458046,-9.90348755253615,30.8694981920405,-171.51193813332
"gzgz_19","Sitanion hystrix","SITHYS_1998_4",2000,4.99999999999988e-05,0,1,2,4.99999999999988e-05,-9.90348755253615,-9.90348755253615,98.0790657032385,-971.324806356398
"gzgz_19","Sitanion hystrix","SITHYS_1998_4",2001,4.99999999999988e-05,0,0,3,NA,-9.90348755253615,NA,98.0790657032385,-971.324806356398
"gzgz_19","Sitanion hystrix","SITHYS_1998_5",1998,0.000121505110546721,1,0,0,NA,-9.01555423395533,NA,81.2802181453898,-732.786214837482
"gzgz_19","Sitanion hystrix","SITHYS_1999_1",1999,0.00202964602152057,1,0,0,NA,-6.19989387476848,NA,38.4386840583917,-238.315761847784
"gzgz_19","Sitanion hystrix","SITHYS_1999_2",1999,0.00193289728867871,1,0,0,NA,-6.24873521587452,NA,39.0466917981103,-243.992438102251
"gzgz_19","Sitanion hystrix","SITHYS_1999_3",1999,0.00198745106004138,1,1,0,0.00161684229847264,-6.22090233561751,-6.42728023037106,38.6996258692914,-240.746592957798
"gzgz_19","Sitanion hystrix","SITHYS_1999_3",2000,0.00161684229847264,0,1,1,0.000527448240038892,-6.42728023037106,-7.54745982057746,41.3099311597187,-265.510503860849
"gzgz_19","Sitanion hystrix","SITHYS_1999_3",2001,0.000527448240038892,0,0,2,NA,-7.54745982057746,NA,56.9641497432312,-429.934631400396
"gzgz_19","Sitanion hystrix","SITHYS_2000_1",2000,0.00164136712686119,1,1,0,2.50000000000001e-05,-6.4122257704694,-10.5966347330961,41.1166393314719,-263.64917431636
"gzgz_19","Sitanion hystrix","SITHYS_2000_1",2001,2.50000000000001e-05,0,1,1,0.000985289999027749,-10.5966347330961,-6.92257454486725,112.288667666658,-1189.88199592959
"gzgz_19","Sitanion hystrix","SITHYS_2000_1",2003,0.000985289999027749,0,0,2,NA,-6.92257454486725,NA,47.9220383292441,-331.743882676178
"gzgz_19","Sitanion hystrix","SITHYS_2000_10",2000,0.000592289751625815,1,1,0,0.000565021930955285,-7.43151459750568,-7.47864601172109,55.22740921294,-410.423297748383
"gzgz_19","Sitanion hystrix","SITHYS_2000_10",2001,0.000565021930955285,0,0,1,NA,-7.47864601172109,NA,55.9301461686317,-418.281764579015
"gzgz_19","Sitanion hystrix","SITHYS_2000_11",2000,0.000551042414867342,1,1,0,0.00048134753326311,-7.50369877379336,-7.63892102637562,56.3054952878279,-422.499475949102
"gzgz_19","Sitanion hystrix","SITHYS_2000_11",2001,0.00048134753326311,0,0,1,NA,-7.63892102637562,NA,58.3531144472035,-445.754832905246
"gzgz_19","Sitanion hystrix","SITHYS_2000_12",2000,0.000677622413506641,1,1,0,0.000359782534512456,-7.29692033738919,-7.93001077983713,53.2450464102039,-388.524862015848
"gzgz_19","Sitanion hystrix","SITHYS_2000_12",2001,0.000359782534512456,0,0,1,NA,-7.93001077983713,NA,62.885070968333,-498.679290669704
"gzgz_19","Sitanion hystrix","SITHYS_2000_13",2000,0.000439989835751349,1,1,0,0.000406155016804497,-7.7287589318839,-7.80877565644586,59.7337146271752,-461.667480459385
"gzgz_19","Sitanion hystrix","SITHYS_2000_13",2001,0.000406155016804497,0,0,1,NA,-7.80877565644586,NA,60.9769772527015,-476.155535574548
"gzgz_19","Sitanion hystrix","SITHYS_2000_14",2000,0.00170396668838529,1,1,0,0.00106801908631697,-6.37479639983576,-6.84194966752052,40.638029139359,-259.059161854007
"gzgz_19","Sitanion hystrix","SITHYS_2000_14",2001,0.00106801908631697,0,0,1,NA,-6.84194966752052,NA,46.8122752528841,-320.287231102349
"gzgz_19","Sitanion hystrix","SITHYS_2000_15",2000,0.00111750036107545,1,1,0,0.0007570445632071,-6.79666090836658,-7.1860884380863,46.1945995033185,-313.969028621855
"gzgz_19","Sitanion hystrix","SITHYS_2000_15",2001,0.0007570445632071,0,0,1,NA,-7.1860884380863,NA,51.6398670399977,-371.088651480441
"gzgz_19","Sitanion hystrix","SITHYS_2000_16",2000,0.000961937270209054,1,1,0,0.000377846242600471,-6.94656131710758,-7.88102321070348,48.2547141323354,-335.204330559765
"gzgz_19","Sitanion hystrix","SITHYS_2000_16",2001,0.000377846242600471,0,0,1,NA,-7.88102321070348,NA,62.1105268476469,-489.494503715327
"gzgz_19","Sitanion hystrix","SITHYS_2000_17",2000,2.49999999999994e-05,1,1,0,0.000915363964915677,-10.5966347330961,-6.99618879591647,112.288667666659,-1189.8819959296
"gzgz_19","Sitanion hystrix","SITHYS_2000_17",2001,0.000915363964915677,0,0,1,NA,-6.99618879591647,NA,48.9466576681072,-342.44005797517
"gzgz_19","Sitanion hystrix","SITHYS_2000_18",2000,2.49999999999998e-05,1,0,0,NA,-10.5966347330961,NA,112.288667666658,-1189.88199592959
"gzgz_19","Sitanion hystrix","SITHYS_2000_19",2000,2.4999999999999e-05,1,0,0,NA,-10.5966347330961,NA,112.288667666659,-1189.8819959296
"gzgz_19","Sitanion hystrix","SITHYS_2000_2",2000,0.000653881593062419,1,0,0,NA,-7.33258427326194,NA,53.7667921244884,-394.249534355768
"gzgz_19","Sitanion hystrix","SITHYS_2000_20",2000,2.4999999999999e-05,1,1,0,0.000903940804253422,-10.5966347330961,-7.00874668173669,112.288667666659,-1189.8819959296
"gzgz_19","Sitanion hystrix","SITHYS_2000_20",2001,0.000903940804253422,0,0,1,NA,-7.00874668173669,NA,49.1225300487551,-344.287369477723
"gzgz_19","Sitanion hystrix","SITHYS_2000_21",2000,2.4999999999999e-05,1,0,0,NA,-10.5966347330961,NA,112.288667666659,-1189.8819959296
"gzgz_19","Sitanion hystrix","SITHYS_2000_22",2000,2.4999999999999e-05,1,0,0,NA,-10.5966347330961,NA,112.288667666659,-1189.8819959296
"gzgz_19","Sitanion hystrix","SITHYS_2000_23",2000,2.4999999999999e-05,1,1,0,0.000213830387412924,-10.5966347330961,-8.45032743938434,112.288667666659,-1189.8819959296
"gzgz_19","Sitanion hystrix","SITHYS_2000_23",2001,0.000213830387412924,0,0,1,NA,-8.45032743938434,NA,71.4080338328119,-603.421267689896
"gzgz_19","Sitanion hystrix","SITHYS_2000_3",2000,0.000732212878937908,1,1,0,0.000471654097679679,-7.2194392680612,-7.65926468493906,52.120303345224,-376.279364633772
"gzgz_19","Sitanion hystrix","SITHYS_2000_3",2001,0.000471654097679679,0,0,1,NA,-7.65926468493906,NA,58.6643355139547,-449.325673267449
"gzgz_19","Sitanion hystrix","SITHYS_2000_4",2000,0.000486015744793363,1,0,0,NA,-7.62926953789438,NA,58.2057536818431,-444.067383495069
"gzgz_19","Sitanion hystrix","SITHYS_2000_5",2000,0.000557205967210341,1,1,0,0.000855295003820976,-7.49257560683682,-7.06406411482921,56.1386892241661,-420.62337348078
"gzgz_19","Sitanion hystrix","SITHYS_2000_5",2001,0.000855295003820976,0,1,1,0.000906268636621953,-7.06406411482921,-7.00617478745847,49.9010018184178,-352.503876239512
"gzgz_19","Sitanion hystrix","SITHYS_2000_5",2002,0.000906268636621953,0,0,2,NA,-7.00617478745847,NA,49.0864851524188,-343.908494679831
"gzgz_19","Sitanion hystrix","SITHYS_2000_6",2000,0.000178255108752657,1,1,0,0.00110833051228221,-8.63229483847661,-6.80490043885496,74.5165141783899,-643.248520723384
"gzgz_19","Sitanion hystrix","SITHYS_2000_6",2001,0.00110833051228221,0,0,1,NA,-6.80490043885496,NA,46.3066699827284,-315.11227888738
"gzgz_19","Sitanion hystrix","SITHYS_2000_7",2000,0.000574036129797792,1,0,0,NA,-7.462818219727,NA,55.6936557806892,-415.631629083332
"gzgz_19","Sitanion hystrix","SITHYS_2000_8",2000,0.000286406965549524,1,1,0,0.00064437163216966,-8.15809680212073,-7.34723492971354,66.5545434327725,-542.958407945506
"gzgz_19","Sitanion hystrix","SITHYS_2000_8",2001,0.00064437163216966,0,1,1,0.0018447332603344,-7.34723492971354,-6.29542058628602,53.9818611124027,-396.61741553599
"gzgz_19","Sitanion hystrix","SITHYS_2000_8",2002,0.0018447332603344,0,1,2,0.000233250010765866,-6.29542058628602,-8.36339967208091,39.6323203582338,-249.502125465508
"gzgz_19","Sitanion hystrix","SITHYS_2000_8",2003,0.000233250010765866,0,0,3,NA,-8.36339967208091,NA,69.9464540749631,-584.990151073769
"gzgz_19","Sitanion hystrix","SITHYS_2000_9",2000,0.000353873186982567,1,1,0,0.00162454444331359,-7.94657193787259,-6.42252784508001,63.1480055637841,-501.810168945789
"gzgz_19","Sitanion hystrix","SITHYS_2000_9",2001,0.00162454444331359,0,0,1,NA,-6.42252784508001,NA,41.2488639208281,-264.921977109435
"gzgz_19","Sitanion hystrix","SITHYS_2001_1",2001,0.000248288697854579,1,0,0,NA,-8.30091838459093,NA,68.9052460276397,-571.976823545596
"gzgz_19","Sitanion hystrix","SITHYS_2001_10",2001,2.4999999999999e-05,1,0,0,NA,-10.5966347330961,NA,112.288667666659,-1189.8819959296
"gzgz_19","Sitanion hystrix","SITHYS_2001_2",2001,0.000705404248597293,1,0,0,NA,-7.25673951721861,NA,52.6602684207621,-382.141850836283
"gzgz_19","Sitanion hystrix","SITHYS_2001_3",2001,0.000141609526666846,1,0,0,NA,-8.8624371002471,NA,78.5427913558363,-696.080548068931
"gzgz_19","Sitanion hystrix","SITHYS_2001_4",2001,0.000255180372896148,1,0,0,NA,-8.27353991816542,NA,68.4514627774766,-566.335909746267
"gzgz_19","Sitanion hystrix","SITHYS_2001_5",2001,0.000213263940606516,1,0,0,NA,-8.45298000160012,NA,71.4528709074516,-603.989688837603
"gzgz_19","Sitanion hystrix","SITHYS_2001_6",2001,0.000347037709998209,1,0,0,NA,-7.96607710957562,NA,63.4583845157047,-505.514384301203
"gzgz_19","Sitanion hystrix","SITHYS_2001_7",2001,0.000211375830164245,1,1,0,0.000771545964369131,-8.4618728233056,-7.16711431001076,71.6032916777979,-605.897947907582
"gzgz_19","Sitanion hystrix","SITHYS_2001_7",2002,0.000771545964369131,0,0,1,NA,-7.16711431001076,NA,51.367527532761,-368.156941649923
"gzgz_19","Sitanion hystrix","SITHYS_2001_8",2001,0.000723260458860365,1,0,0,NA,-7.23174115329262,NA,52.2980801082261,-378.206178156853
"gzgz_19","Sitanion hystrix","SITHYS_2001_9",2001,2.5e-05,1,0,0,NA,-10.5966347330961,NA,112.288667666658,-1189.88199592959
"gzgz_19","Sitanion hystrix","SITHYS_2003_1",2003,0.000163442504840902,1,0,0,NA,-8.71904928182037,NA,76.0218203788124,-662.837998376561
"gzgz_19","Sitanion hystrix","SITHYS_2003_2",2003,0.000116870002069566,1,0,0,NA,-9.05444833431093,NA,81.983034638706,-742.311151426187
"gzgz_19","Sitanion hystrix","SITHYS_2005_1",2005,0.00365609005546787,1,0,0,NA,-5.61136099345403,NA,31.4873721988574,-176.687012143037
"gzgz_24","Sitanion hystrix","SITHYS_1997_1",1997,0.00232734822905471,NA,1,NA,0.00167953337097271,-6.06302575864928,-6.38923927952152,36.7602813500447,-222.878532720516
"gzgz_24","Sitanion hystrix","SITHYS_1997_1",1998,0.00167953337097271,NA,1,NA,0.00149162907474207,-6.38923927952152,-6.50788641753121,40.8223785709807,-260.823944649208
"gzgz_24","Sitanion hystrix","SITHYS_1997_1",1999,0.00149162907474207,NA,1,NA,0.000411811254865367,-6.50788641753121,-7.79494543284225,42.3525856234873,-275.625816726421
"gzgz_24","Sitanion hystrix","SITHYS_1997_1",2001,0.000411811254865367,NA,0,NA,NA,-7.79494543284225,NA,60.7611743009883,-473.630038111621
"gzgz_24","Sitanion hystrix","SITHYS_1997_2",1997,0.00166590821065902,NA,1,NA,0.00157788489685986,-6.39738483239815,-6.45167000163976,40.9265326937979,-261.82277949795
"gzgz_24","Sitanion hystrix","SITHYS_1997_2",1998,0.00157788489685986,NA,1,NA,0.000411530536290429,-6.45167000163976,-7.79562733333323,41.6240458100583,-268.544607699633
"gzgz_24","Sitanion hystrix","SITHYS_1997_2",1999,0.000411530536290429,NA,0,NA,NA,-7.79562733333323,NA,60.7718055202122,-473.754348209377
"gzgz_24","Sitanion hystrix","SITHYS_1997_3",1997,0.000826419921831167,NA,1,NA,0.000666033545215445,-7.09840753368372,-7.31417052050096,50.3873895142578,-357.670225330663
"gzgz_24","Sitanion hystrix","SITHYS_1997_3",1998,0.000666033545215445,NA,0,NA,NA,-7.31417052050096,NA,53.4970904029653,-391.286841557944
"gzgz_24","Sitanion hystrix","SITHYS_1998_1",1998,2.49999999999994e-05,1,1,0,0.000597328370564615,-10.5966347330961,-7.42304356133858,112.288667666659,-1189.8819959296
"gzgz_24","Sitanion hystrix","SITHYS_1998_1",1999,0.000597328370564615,0,1,1,0.00133414618520251,-7.42304356133858,-6.61946375338278,55.1015757135302,-409.021396819931
"gzgz_24","Sitanion hystrix","SITHYS_1998_1",2001,0.00133414618520251,0,0,2,NA,-6.61946375338278,NA,43.8173003823484,-290.04703165204
"gzgz_24","Sitanion hystrix","SITHYS_2001_1",2001,0.000849755207193468,1,0,0,NA,-7.07056224149454,NA,49.9928504108482,-353.477560459628
"gzgz_24","Sitanion hystrix","SITHYS_2001_2",2001,0.000668152246400298,1,1,0,0.000447423844490584,-7.31099449662313,-7.71200421464092,53.4506405296536,-390.777338753279
"gzgz_24","Sitanion hystrix","SITHYS_2001_2",2002,0.000447423844490584,0,0,1,NA,-7.71200421464092,NA,59.4750090066393,-458.671520125009
"gzgz_24","Sitanion hystrix","SITHYS_2001_3",2001,0.000533402097097029,1,0,0,NA,-7.5362350146586,NA,56.7948381961664,-428.019248265819
"gzgz_24","Sitanion hystrix","SITHYS_2001_4",2001,0.000824411518476344,1,0,0,NA,-7.10084073709465,NA,50.4219391735829,-358.038159727086
"gzgz_24","Sitanion hystrix","SITHYS_2001_5",2001,0.000502240024686472,1,0,0,NA,-7.59643241571789,NA,57.7057854465696,-438.358099140783
"gzgz_5a","Sitanion hystrix","SITHYS_2001_1",2001,0.00294115284933139,1,0,0,NA,-5.82895364886979,NA,33.9767006406724,-198.048613176004
"gzgz_7","Sitanion hystrix","SITHYS_1997_1",1997,0.00244560097534957,NA,1,NA,0.00188934532219083,-6.01346438856962,-6.27152490029281,36.161753952595,-217.457419622147
"gzgz_7","Sitanion hystrix","SITHYS_1997_1",1998,0.00188934532219083,NA,1,NA,0.00456241485989045,-6.27152490029281,-5.38990322109357,39.3320245749928,-246.671771500996
"gzgz_7","Sitanion hystrix","SITHYS_1997_1",1999,0.00456241485989045,NA,0,NA,NA,-5.38990322109357,NA,29.0510567327548,-156.582384260047
"gzgz_7","Sitanion hystrix","SITHYS_1998_1",1998,0.000297750800103239,1,1,0,0.000830852282315197,-8.11925366256794,-7.09305853785663,65.9222800371229,-535.23971363624
"gzgz_7","Sitanion hystrix","SITHYS_1998_1",1999,0.000830852282315197,0,0,1,NA,-7.09305853785663,NA,50.3114794214609,-356.862268662592
"gzgz_7","Sitanion hystrix","SITHYS_1998_10",1998,0.000668873078454932,1,1,0,0.00209931571497431,-7.30991623413838,-6.16614383736564,53.4348753501198,-390.604462791002
"gzgz_7","Sitanion hystrix","SITHYS_1998_10",1999,0.00209931571497431,0,1,1,0.00129460339944384,-6.16614383736564,-6.64955088599208,38.0213298230823,-234.444988577045
"gzgz_7","Sitanion hystrix","SITHYS_1998_10",2001,0.00129460339944384,NA,0,2,NA,-6.64955088599208,NA,44.216526985398,-294.020046191246
"gzgz_7","Sitanion hystrix","SITHYS_1998_11",1998,2.50000000000001e-05,1,0,0,NA,-10.5966347330961,NA,112.288667666658,-1189.88199592959
"gzgz_7","Sitanion hystrix","SITHYS_1998_12",1998,2.50000000000001e-05,1,0,0,NA,-10.5966347330961,NA,112.288667666658,-1189.88199592959
"gzgz_7","Sitanion hystrix","SITHYS_1998_13",1998,2.49999999999998e-05,1,1,0,0.00286713739116702,-10.5966347330961,-5.8544411716501,112.288667666658,-1189.88199592959
"gzgz_7","Sitanion hystrix","SITHYS_1998_13",1999,0.00286713739116702,0,1,1,0.00481619348822573,-5.8544411716501,-5.33577139565605,34.2744814323118,-200.657935234283
"gzgz_7","Sitanion hystrix","SITHYS_1998_13",2001,0.00481619348822573,NA,0,2,NA,-5.33577139565605,NA,28.4704563867013,-151.911846809434
"gzgz_7","Sitanion hystrix","SITHYS_1998_14",1998,2.49999999999998e-05,1,0,0,NA,-10.5966347330961,NA,112.288667666658,-1189.88199592959
"gzgz_7","Sitanion hystrix","SITHYS_1998_2",1998,0.00085353059155573,1,1,0,0.000983343513947887,-7.06612917389322,-6.92455204418477,49.9301815021449,-352.813112170089
"gzgz_7","Sitanion hystrix","SITHYS_1998_2",1999,0.000983343513947887,0,1,1,0.00142008711356703,-6.92455204418477,-6.55703706166824,47.9494210126235,-332.028261290438
"gzgz_7","Sitanion hystrix","SITHYS_1998_2",2001,0.00142008711356703,NA,0,2,NA,-6.55703706166824,NA,42.9947350280909,-281.918071035797
"gzgz_7","Sitanion hystrix","SITHYS_1998_3",1998,0.00103208478536779,1,1,0,0.00108241467792779,-6.87617445893328,-6.82856092066029,47.2817751896864,-325.117734932347
"gzgz_7","Sitanion hystrix","SITHYS_1998_3",1999,0.00108241467792779,0,0,1,NA,-6.82856092066029,NA,46.6292442471689,-318.410635026142
"gzgz_7","Sitanion hystrix","SITHYS_1998_4",1998,0.000761483899993276,1,1,0,0.00147821878770204,-7.18024152834334,-6.51691743784306,51.5558684053463,-370.183587353871
"gzgz_7","Sitanion hystrix","SITHYS_1998_4",1999,0.00147821878770204,0,0,1,NA,-6.51691743784306,NA,42.4702128916629,-276.774870982585
"gzgz_7","Sitanion hystrix","SITHYS_1998_5",1998,0.000667102681626093,1,0,0,NA,-7.31256657843063,NA,53.4736299639807,-391.029479301972
"gzgz_7","Sitanion hystrix","SITHYS_1998_6",1998,0.00132622852474428,1,1,0,0.00363704140800385,-6.62541606063143,-5.61658472783345,43.8961379764729,-290.830177549017
"gzgz_7","Sitanion hystrix","SITHYS_1998_6",1999,0.00363704140800385,0,1,1,0.000598915752177548,-5.61658472783345,-7.42038961719044,31.5460240049319,-177.180916649968
"gzgz_7","Sitanion hystrix","SITHYS_1998_6",2001,0.000598915752177548,NA,0,2,NA,-7.42038961719044,NA,55.0621820709077,-408.582844138813
"gzgz_7","Sitanion hystrix","SITHYS_1998_7",1998,0.000416111954988029,1,1,0,0.00274411929508899,-7.78455621134261,-5.89829509517685,60.5993154075529,-471.738777158976
"gzgz_7","Sitanion hystrix","SITHYS_1998_7",1999,0.00274411929508899,0,0,1,NA,-5.89829509517685,NA,34.7898850297872,-205.20100823296
"gzgz_7","Sitanion hystrix","SITHYS_1998_8",1998,0.00139615665450627,1,0,0,NA,-6.57403206424275,NA,43.2178975816917,-284.1158444512
"gzgz_7","Sitanion hystrix","SITHYS_1998_9",1998,0.000396916217003427,1,0,0,NA,-7.83178533984286,NA,61.3368616093775,-480.377133544292
"gzgz_7","Sitanion hystrix","SITHYS_1999_1",1999,0.00258834453883372,1,1,0,0.000445993800148697,-5.95673678182508,-7.71520550705272,35.4827130879478,-211.361182169924
"gzgz_7","Sitanion hystrix","SITHYS_1999_1",2001,0.000445993800148697,NA,0,1,NA,-7.71520550705272,NA,59.5243960160566,-459.242947947067
"gzgz_7","Sitanion hystrix","SITHYS_2001_1",2001,0.000744197174528779,NA,0,NA,NA,-7.20320453871472,NA,51.8861556265604,-373.746591705699
"gzgz_7","Sitanion hystrix","SITHYS_2005_1",2005,2.49999999999995e-05,1,1,0,2.49999999999995e-05,-10.5966347330961,-10.5966347330961,112.288667666659,-1189.8819959296
"gzgz_7","Sitanion hystrix","SITHYS_2005_1",2007,2.49999999999995e-05,0,0,1,NA,-10.5966347330961,NA,112.288667666658,-1189.8819959296
"gzun_11","Sitanion hystrix","SITHYS_2000_1",2000,0.000339728803441473,1,0,0,NA,-7.98736289557251,NA,63.7979660255685,-509.577506645621
"gzun_11","Sitanion hystrix","SITHYS_2000_2",2000,0.00132152433110541,1,0,0,NA,-6.62896941235623,NA,43.9432354699545,-291.298363810296
"gzun_19","Sitanion hystrix","SITHYS_1997_1",1997,0.0126561875042241,NA,1,NA,0.0130510559876036,-4.36960905262537,-4.33888622989685,19.0934832727855,-83.4310573549147
"gzun_19","Sitanion hystrix","SITHYS_1997_1",1998,0.0130510559876036,NA,1,NA,0.00059351713093098,-4.33888622989685,-7.42944448008347,18.8259337159885,-81.6835845652534
"gzun_19","Sitanion hystrix","SITHYS_1997_1",1999,0.00059351713093098,NA,1,NA,0.00121253390001542,-7.42944448008347,-6.71504297676787,55.1966452826427,-410.080411614255
"gzun_19","Sitanion hystrix","SITHYS_1997_1",2000,0.00121253390001542,NA,1,NA,0.00221510153893003,-6.71504297676787,-6.11245703503233,45.0918021798395,-302.793389537537
"gzun_19","Sitanion hystrix","SITHYS_1997_1",2001,0.00221510153893003,NA,1,NA,0.000681609812023762,-6.11245703503233,-7.29105318697802,37.3621310051162,-228.374420506022
"gzun_19","Sitanion hystrix","SITHYS_1997_1",2002,0.000681609812023762,NA,0,NA,NA,-7.29105318697802,NA,53.1594565753423,-387.588425281669
"gzun_19","Sitanion hystrix","SITHYS_1997_10",1997,0.00958096719147516,NA,1,NA,0.00730888444795743,-4.64797673265126,-4.91866462316455,21.6036877072675,-100.413437802843
"gzun_19","Sitanion hystrix","SITHYS_1997_10",1998,0.00730888444795743,NA,1,NA,0.00570425735115146,-4.91866462316455,-5.16654247922461,24.1932616751705,-118.998540320624
"gzun_19","Sitanion hystrix","SITHYS_1997_10",1999,0.00570425735115146,NA,1,NA,0.00180534350600134,-5.16654247922461,-6.31700439726958,26.6931611896324,-137.911351191026
"gzun_19","Sitanion hystrix","SITHYS_1997_10",2000,0.00180534350600134,NA,1,NA,0.00354339797262799,-6.31700439726958,-5.64266913295253,39.9045445551233,-252.077183425754
"gzun_19","Sitanion hystrix","SITHYS_1997_10",2001,0.00354339797262799,NA,1,NA,0.000421539983307883,-5.64266913295253,-7.77159592545332,31.8397149439753,-179.660976716377
"gzun_19","Sitanion hystrix","SITHYS_1997_10",2003,0.000421539983307883,NA,0,NA,NA,-7.77159592545332,NA,60.3977032285226,-469.386544317525
"gzun_19","Sitanion hystrix","SITHYS_1997_11",1997,0.00040529283424368,NA,1,NA,0.000865064410888614,-7.8109007046154,-7.05270659034962,61.0101698173613,-476.544378415132
"gzun_19","Sitanion hystrix","SITHYS_1997_11",1998,0.000865064410888614,NA,0,NA,NA,-7.05270659034962,NA,49.7406702495609,-350.806352877485
"gzun_19","Sitanion hystrix","SITHYS_1997_2",1997,0.00972565801288579,NA,1,NA,0.00253441881841425,-4.6329877297732,-5.97779093117672,21.464575304229,-99.4451140092858
"gzun_19","Sitanion hystrix","SITHYS_1997_2",1998,0.00253441881841425,NA,1,NA,0.00063886713544405,-5.97779093117672,-7.35581405095896,35.7339844168586,-213.610287981908
"gzun_19","Sitanion hystrix","SITHYS_1997_2",1999,0.00063886713544405,NA,0,NA,NA,-7.35581405095896,NA,54.1080003522852,-398.008389260632
"gzun_19","Sitanion hystrix","SITHYS_1997_3",1997,0.00841930744365575,NA,1,NA,0.00269010046556138,-4.77722770545803,-5.91817673827346,22.8219045497958,-109.025434706603
"gzun_19","Sitanion hystrix","SITHYS_1997_3",1998,0.00269010046556138,NA,1,NA,0.00113826225123861,-5.91817673827346,-6.77825252058428,35.0248159054411,-207.283050753892
"gzun_19","Sitanion hystrix","SITHYS_1997_3",1999,0.00113826225123861,NA,0,NA,NA,-6.77825252058428,NA,45.9447072328071,-311.424827608282
"gzun_19","Sitanion hystrix","SITHYS_1997_4",1997,0.000437457065087864,NA,0,NA,NA,-7.73453199392438,NA,59.8229851650398,-462.702792731063
"gzun_19","Sitanion hystrix","SITHYS_1997_5",1997,0.00191456971789296,NA,1,NA,0.00151814163184481,-6.25826237199152,-6.49026830275048,39.1658479166849,-245.110152284131
"gzun_19","Sitanion hystrix","SITHYS_1997_5",1998,0.00151814163184481,NA,1,NA,0.000922789054861599,-6.49026830275048,-6.98810989252652,42.1235826416876,-273.393353217635
"gzun_19","Sitanion hystrix","SITHYS_1997_5",2000,0.000922789054861599,NA,1,NA,0.0031182907058837,-6.98810989252652,-5.77047027796406,48.833679870027,-341.255121388209
"gzun_19","Sitanion hystrix","SITHYS_1997_5",2001,0.0031182907058837,NA,0,NA,NA,-5.77047027796406,NA,33.2983272288666,-192.147007580096
"gzun_19","Sitanion hystrix","SITHYS_1997_6",1997,0.0176174225481586,NA,1,NA,0.0201543037917742,-4.03886694907425,-3.90433742571494,16.3124462323243,-65.8837999462853
"gzun_19","Sitanion hystrix","SITHYS_1997_6",1998,0.0201543037917742,NA,1,NA,0.00385287250332295,-3.90433742571494,-5.55893630412102,15.2438507338384,-59.5171369321375
"gzun_19","Sitanion hystrix","SITHYS_1997_6",1999,0.00385287250332295,NA,1,NA,0.000391498787129515,-5.55893630412102,-7.84552814054712,30.9017728332747,-171.780986864592
"gzun_19","Sitanion hystrix","SITHYS_1997_6",2000,0.000391498787129515,NA,1,NA,0.00341036074335365,-7.84552814054712,-5.68093720344228,61.5523118041167,-482.910394374928
"gzun_19","Sitanion hystrix","SITHYS_1997_6",2001,0.00341036074335365,NA,0,NA,NA,-5.68093720344228,NA,32.2730475094546,-183.341156264921
"gzun_19","Sitanion hystrix","SITHYS_1997_7",1997,0.0118964129232317,NA,1,NA,0.00645333107250697,-4.43151835932787,-5.04315883613654,19.6383549690599,-87.0277305923868
"gzun_19","Sitanion hystrix","SITHYS_1997_7",1998,0.00645333107250697,NA,1,NA,0.00341506546530823,-5.04315883613654,-5.67955861621392,25.4334510465021,-128.264933378613
"gzun_19","Sitanion hystrix","SITHYS_1997_7",1999,0.00341506546530823,NA,1,NA,0.00106157727668807,-5.67955861621392,-6.84799947995299,32.2573860750098,-183.207715018861
"gzun_19","Sitanion hystrix","SITHYS_1997_7",2000,0.00106157727668807,NA,0,NA,NA,-6.84799947995299,NA,46.8950968774364,-321.13759902903
"gzun_19","Sitanion hystrix","SITHYS_1997_8",1997,0.0157490698476498,NA,1,NA,0.0108304369250051,-4.15097397274652,-4.52539487483058,17.230584922419,-71.5237095481601
"gzun_19","Sitanion hystrix","SITHYS_1997_8",1998,0.0108304369250051,NA,1,NA,0.00812459779862654,-4.52539487483058,-4.81285905369909,20.4791987731429,-92.6764611686174
"gzun_19","Sitanion hystrix","SITHYS_1997_8",1999,0.00812459779862654,NA,1,NA,0.000468688348336862,-4.81285905369909,-7.66557251287766,23.1636122707733,-111.483201033767
"gzun_19","Sitanion hystrix","SITHYS_1997_8",2001,0.000468688348336862,NA,0,NA,NA,-7.66557251287766,NA,58.7610019501855,-450.436721378493
"gzun_19","Sitanion hystrix","SITHYS_1997_9",1997,0.00542532495312892,NA,1,NA,0.00233473688759279,-5.21667748215523,-6.05985607618347,27.2137239528254,-141.965220950293
"gzun_19","Sitanion hystrix","SITHYS_1997_9",1998,0.00233473688759279,NA,0,NA,NA,-6.05985607618347,NA,36.7218556640578,-222.529160174573
"gzun_19","Sitanion hystrix","SITHYS_1998_1",1998,0.000560530100501166,1,1,0,0.000660459403216908,-7.48662761394813,-7.32257489960486,56.0495930299307,-419.622430928434
"gzun_19","Sitanion hystrix","SITHYS_1998_1",1999,0.000660459403216908,0,1,1,0.000214630875601543,-7.32257489960486,-8.44659086299303,53.6201031603231,-392.637221516005
"gzun_19","Sitanion hystrix","SITHYS_1998_1",2000,0.000214630875601543,0,0,2,NA,-8.44659086299303,NA,71.3448972067973,-602.62115686811
"gzun_19","Sitanion hystrix","SITHYS_1999_1",1999,2.49999999999994e-05,1,1,0,0.00124933547308792,-10.5966347330961,-6.68514349055842,112.288667666659,-1189.8819959296
"gzun_19","Sitanion hystrix","SITHYS_1999_1",2000,0.00124933547308792,0,0,1,NA,-6.68514349055842,NA,44.6911434893556,-298.766706983478
"gzun_19","Sitanion hystrix","SITHYS_1999_2",1999,2.49999999999994e-05,1,1,0,0.00278045483557196,-10.5966347330961,-5.88514075474426,112.288667666659,-1189.8819959296
"gzun_19","Sitanion hystrix","SITHYS_1999_2",2001,0.00278045483557196,0,0,1,NA,-5.88514075474426,NA,34.6348817031519,-203.831153846965
"gzun_19","Sitanion hystrix","SITHYS_1999_3",1999,2.49999999999994e-05,1,1,0,0.00139284896581543,-10.5966347330961,-6.57640401374154,112.288667666659,-1189.8819959296
"gzun_19","Sitanion hystrix","SITHYS_1999_3",2001,0.00139284896581543,0,0,1,NA,-6.57640401374154,NA,43.2490897519559,-284.423487435431
"gzun_19","Sitanion hystrix","SITHYS_1999_4",1999,2.49999999999994e-05,1,0,0,NA,-10.5966347330961,NA,112.288667666659,-1189.8819959296
"gzun_19","Sitanion hystrix","SITHYS_2000_1",2000,0.000558342349143955,1,0,0,NA,-7.49053825478307,NA,56.1081633463687,-420.280343951592
"gzun_19","Sitanion hystrix","SITHYS_2000_2",2000,0.00083037288145176,1,1,0,0.000713463707566894,-7.09363570329718,-7.24537898769931,50.3196674910925,-356.949389892856
"gzun_19","Sitanion hystrix","SITHYS_2000_2",2001,0.000713463707566894,0,0,1,NA,-7.24537898769931,NA,52.4955166753947,-380.349913468324
"gzun_19","Sitanion hystrix","SITHYS_2000_3",2000,0.00111544869775826,1,1,0,0.00168633896282643,-6.79849853550494,-6.38519539404215,46.2195823372628,-314.223762831531
"gzun_19","Sitanion hystrix","SITHYS_2000_3",2001,0.00168633896282643,0,0,1,NA,-6.38519539404215,NA,40.770720220097,-260.329014961144
"gzun_19","Sitanion hystrix","SITHYS_2000_4",2000,0.000583746515733322,1,0,0,NA,-7.44604371776417,NA,55.4435670468552,-412.835224099673
"gzun_19","Sitanion hystrix","SITHYS_2000_5",2000,0.00110968143948236,1,1,0,0.00154739516702864,-6.80368229630515,-6.4711822991389,46.2900927890562,-314.943084803224
"gzun_19","Sitanion hystrix","SITHYS_2000_5",2001,0.00154739516702864,0,0,1,NA,-6.4711822991389,NA,41.8762003486886,-270.988526451627
"gzun_19","Sitanion hystrix","SITHYS_2001_1",2001,0.000973080887013949,1,0,0,NA,-6.93504334766727,NA,48.094826234024,-333.539704731482
"gzun_19","Sitanion hystrix","SITHYS_2001_2",2001,0.000480812453777301,1,0,0,NA,-7.64003327287969,NA,58.3701084107087,-445.949570399409
"gzun_19","Sitanion hystrix","SITHYS_2001_3",2001,0.000248598226556435,1,0,0,NA,-8.29967251263622,NA,68.8845638170092,-571.719320856967
"gzun_19","Sitanion hystrix","SITHYS_2001_4",2001,0.000495667141899144,1,0,0,NA,-7.60960594139836,NA,57.9061025833652,-440.642622261598
"gzun_19","Sitanion hystrix","SITHYS_2001_5",2001,0.00189222961272511,1,0,0,NA,-6.26999945592467,NA,39.3128931772956,-246.491818832468
"gzun_19","Sitanion hystrix","SITHYS_2001_6",2001,0.000129651135853297,1,0,0,NA,-8.95066328509783,NA,80.1143732431983,-717.076779196519
"gzun_19","Sitanion hystrix","SITHYS_2001_7",2001,0.000766656775294047,1,1,0,0.000220550023531334,-7.17347134658875,-8.41938602471946,51.4586911603297,-369.137446571585
"gzun_19","Sitanion hystrix","SITHYS_2001_7",2003,0.000220550023531334,0,1,1,0.00180161002311457,-8.41938602471946,-6.31907455658269,70.8860610332413,-596.817111610682
"gzun_19","Sitanion hystrix","SITHYS_2001_7",2004,0.00180161002311457,0,0,2,NA,-6.31907455658269,NA,39.9307032516507,-252.325090943959
"gzun_19","Sitanion hystrix","SITHYS_2001_8",2001,0.0019874747576997,1,1,0,0.00110436675953503,-6.22089041204489,-6.80848317657291,38.6994775186721,-240.745208647054
"gzun_19","Sitanion hystrix","SITHYS_2001_8",2002,0.00110436675953503,0,0,1,NA,-6.80848317657291,NA,46.3554431656763,-315.610254936089
"gzun_19","Sitanion hystrix","SITHYS_2001_9",2001,0.00141906301850998,1,1,0,0.00124975217116528,-6.55775847128296,-6.68481001039243,43.0041961676835,-282.011131719341
"gzun_19","Sitanion hystrix","SITHYS_2001_9",2002,0.00124975217116528,0,0,1,NA,-6.68481001039243,NA,44.6866848750428,-298.721998383938
"gzun_19","Sitanion hystrix","SITHYS_2003_1",2003,0.00048493998939244,1,0,0,NA,-7.63148540789384,NA,58.2395695308966,-444.454425037056
"gzun_19","Sitanion hystrix","SITHYS_2003_2",2003,0.000495474943466782,1,0,0,NA,-7.6099937736529,NA,57.9120052350359,-440.709999258378
"gzun_19","Sitanion hystrix","SITHYS_2003_3",2003,0.000275750013499322,1,0,0,NA,-8.19601585087574,NA,67.1746758278063,-550.56470786214
"gzun_19","Sitanion hystrix","SITHYS_2003_4",2003,2.50000000000003e-05,1,0,0,NA,-10.5966347330961,NA,112.288667666658,-1189.88199592959
"gzun_19","Sitanion hystrix","SITHYS_2003_5",2003,2.50000000000001e-05,1,0,0,NA,-10.5966347330961,NA,112.288667666658,-1189.88199592959
"gzun_24","Sitanion hystrix","SITHYS_1997_1",1997,0.00221441352385054,NA,1,NA,0.00185083018448124,-6.11276768532938,-6.2921209921811,37.3659287748071,-228.40924194696
"gzun_24","Sitanion hystrix","SITHYS_1997_1",1998,0.00185083018448124,NA,0,NA,NA,-6.2921209921811,NA,39.5907865802461,-249.110019338528
"gzun_24","Sitanion hystrix","SITHYS_1997_2",1997,0.000847912321823334,NA,1,NA,0.00257631255632686,-7.07273332159416,-5.96139614412258,50.0235566383884,-353.803275900983
"gzun_24","Sitanion hystrix","SITHYS_1997_2",1998,0.00257631255632686,NA,1,NA,0.00588022498756036,-5.96139614412258,-5.13616025461308,35.5382439871596,-211.857550673941
"gzun_24","Sitanion hystrix","SITHYS_1997_2",1999,0.00588022498756036,NA,1,NA,0.00168914666862178,-5.13616025461308,-6.38353180737674,26.3801421610671,-135.492637678716
"gzun_24","Sitanion hystrix","SITHYS_1997_2",2001,0.00168914666862178,NA,0,NA,NA,-6.38353180737674,NA,40.7494783357905,-260.125591090528
"gzun_24","Sitanion hystrix","SITHYS_1998_1",1998,0.000489590203905279,1,1,0,0.00121218989312159,-7.62194183532973,-6.71532672611459,58.0939973411495,-442.789068716041
"gzun_24","Sitanion hystrix","SITHYS_1998_1",1999,0.00121218989312159,0,0,1,NA,-6.71532672611459,NA,45.0956130384689,-302.831775467752
"gzun_24","Sitanion hystrix","SITHYS_1998_10",1998,2.49999999999994e-05,1,0,0,NA,-10.5966347330961,NA,112.288667666659,-1189.8819959296
"gzun_24","Sitanion hystrix","SITHYS_1998_11",1998,2.50000000000001e-05,1,0,0,NA,-10.5966347330961,NA,112.288667666658,-1189.88199592959
"gzun_24","Sitanion hystrix","SITHYS_1998_12",1998,2.50000000000001e-05,1,1,0,0.00180866213677365,-10.5966347330961,-6.31516785796494,112.288667666658,-1189.88199592959
"gzun_24","Sitanion hystrix","SITHYS_1998_12",1999,0.00180866213677365,0,1,1,0.00188222901562273,-6.31516785796494,-6.2752985578563,39.8813450742735,-251.85738854546
"gzun_24","Sitanion hystrix","SITHYS_1998_12",2001,0.00188222901562273,NA,0,2,NA,-6.2752985578563,NA,39.3793719902333,-247.117316259598
"gzun_24","Sitanion hystrix","SITHYS_1998_13",1998,2.50000000000001e-05,1,0,0,NA,-10.5966347330961,NA,112.288667666658,-1189.88199592959
"gzun_24","Sitanion hystrix","SITHYS_1998_14",1998,2.49999999999995e-05,1,0,0,NA,-10.5966347330961,NA,112.288667666659,-1189.8819959296
"gzun_24","Sitanion hystrix","SITHYS_1998_15",1998,2.4999999999999e-05,1,0,0,NA,-10.5966347330961,NA,112.288667666659,-1189.8819959296
"gzun_24","Sitanion hystrix","SITHYS_1998_16",1998,2.49999999999985e-05,1,0,0,NA,-10.5966347330961,NA,112.288667666659,-1189.88199592961
"gzun_24","Sitanion hystrix","SITHYS_1998_17",1998,2.4999999999999e-05,1,0,0,NA,-10.5966347330961,NA,112.288667666659,-1189.8819959296
"gzun_24","Sitanion hystrix","SITHYS_1998_2",1998,0.00181282503657182,1,1,0,0.00431974996969789,-6.31286885679086,-5.44455775578583,39.8523132030399,-251.582426890546
"gzun_24","Sitanion hystrix","SITHYS_1998_2",1999,0.00431974996969789,0,1,1,0.00172956632081976,-5.44455775578583,-6.35988458350541,29.6432091560876,-161.394164317158
"gzun_24","Sitanion hystrix","SITHYS_1998_2",2001,0.00172956632081976,NA,0,2,NA,-6.35988458350541,NA,40.4481319155098,-257.245450601044
"gzun_24","Sitanion hystrix","SITHYS_1998_3",1998,0.00204776695737266,1,1,0,0.00215266528639381,-6.19100536862487,-6.14104853650647,38.328547474342,-237.292243185244
"gzun_24","Sitanion hystrix","SITHYS_1998_3",1999,0.00215266528639381,0,1,1,0.00123313097548654,-6.14104853650647,-6.6981988353915,37.7124771277282,-231.594152473269
"gzun_24","Sitanion hystrix","SITHYS_1998_3",2001,0.00123313097548654,NA,1,2,0.0011834682846276,-6.6981988353915,-6.73930592731811,44.86586763844,-300.520502364628
"gzun_24","Sitanion hystrix","SITHYS_1998_3",2002,0.0011834682846276,NA,0,3,NA,-6.73930592731811,NA,45.418244381985,-306.087443571894
"gzun_24","Sitanion hystrix","SITHYS_1998_4",1998,0.00127652702165278,1,1,0,0.00142085746256139,-6.6636121529578,-6.55649474273692,44.4037269250469,-295.889214374362
"gzun_24","Sitanion hystrix","SITHYS_1998_4",1999,0.00142085746256139,0,1,1,0.00214346725460922,-6.55649474273692,-6.14533054864231,42.9876233115368,-281.848126244846
"gzun_24","Sitanion hystrix","SITHYS_1998_4",2001,0.00214346725460922,NA,0,2,NA,-6.14533054864231,NA,37.7650875520764,-232.078946205927
"gzun_24","Sitanion hystrix","SITHYS_1998_5",1998,0.00022852083616247,1,1,0,0.00190026188860104,-8.38388316508062,-6.26576356620246,70.2894969257222,-589.298929957548
"gzun_24","Sitanion hystrix","SITHYS_1998_5",1999,0.00190026188860104,0,0,1,NA,-6.26576356620246,NA,39.2597930675501,-245.992581019303
"gzun_24","Sitanion hystrix","SITHYS_1998_6",1998,0.00153067375394184,1,1,0,0.0035525293355804,-6.48204727845522,-5.64009544029864,42.0169369201287,-272.355771612145
"gzun_24","Sitanion hystrix","SITHYS_1998_6",1999,0.0035525293355804,0,1,1,0.00149277869503218,-5.64009544029864,-6.50711599978964,31.8106765756775,-179.415251907293
"gzun_24","Sitanion hystrix","SITHYS_1998_6",2001,0.00149277869503218,NA,0,2,NA,-6.50711599978964,NA,42.3425586347183,-275.527940764007
"gzun_24","Sitanion hystrix","SITHYS_1998_7",1998,0.000721526375539977,1,0,0,NA,-7.23414162388356,NA,52.3328050344046,-378.58292319397
"gzun_24","Sitanion hystrix","SITHYS_1998_8",1998,2.50000000000001e-05,1,0,0,NA,-10.5966347330961,NA,112.288667666658,-1189.88199592959
"gzun_24","Sitanion hystrix","SITHYS_1998_9",1998,2.49999999999994e-05,1,0,0,NA,-10.5966347330961,NA,112.288667666659,-1189.8819959296
"gzun_24","Sitanion hystrix","SITHYS_1999_1",1999,2.49999999999994e-05,1,1,0,0.00143234000044837,-10.5966347330961,-6.54844580814513,112.288667666659,-1189.8819959296
"gzun_24","Sitanion hystrix","SITHYS_1999_1",2001,0.00143234000044837,NA,0,1,NA,-6.54844580814513,NA,42.8821425022136,-280.811386312903
"gzun_24","Sitanion hystrix","SITHYS_2001_1",2001,0.00107551579197042,NA,0,NA,NA,-6.83495492598873,NA,46.7166088402976,-319.30591571848
"gzun_24","Sitanion hystrix","SITHYS_2001_2",2001,0.00170396972251553,NA,0,NA,NA,-6.37479461920968,NA,40.6380064371047,-259.058944770663
"gzun_24","Sitanion hystrix","SITHYS_2001_3",2001,0.0011266191179061,NA,0,NA,NA,-6.78853406208781,NA,46.0841947121265,-312.844125527158
"gzun_24","Sitanion hystrix","SITHYS_2001_4",2001,2.50000000000001e-05,NA,0,NA,NA,-10.5966347330961,NA,112.288667666658,-1189.88199592959
"gzun_24","Sitanion hystrix","SITHYS_2002_1",2002,0.000466660027600598,1,0,0,NA,-7.66990955770038,NA,58.8275126233036,-451.201701325216
"gzun_24","Sitanion hystrix","SITHYS_2007_1",2007,2.49999999999998e-05,1,0,0,NA,-10.5966347330961,NA,112.288667666658,-1189.88199592959
"gzun_5a","Sitanion hystrix","SITHYS_2001_1",2001,0.000119871691294669,1,0,0,NA,-9.02908862643737,NA,81.5244414240606,-736.091406838645
"gzun_7","Sitanion hystrix","SITHYS_1998_1",1998,0.00400019275223069,1,1,0,0.00612963865982045,-5.52141273096558,-5.0946194769671,30.4859985456688,-168.325780486254
"gzun_7","Sitanion hystrix","SITHYS_1998_1",1999,0.00612963865982045,0,1,1,0.0066095193485696,-5.0946194769671,-5.01924434356131,25.9551476150925,-132.231600567406
"gzun_7","Sitanion hystrix","SITHYS_1998_1",2000,0.0066095193485696,0,0,2,NA,-5.01924434356131,NA,25.1928137803722,-126.448888065527
"gzun_7","Sitanion hystrix","SITHYS_1998_2",1998,0.000571480513759304,1,1,0,0.00249414882271699,-7.46728017196985,-5.9938077612043,55.7602731666941,-416.377582201277
"gzun_7","Sitanion hystrix","SITHYS_1998_2",1999,0.00249414882271699,0,0,1,NA,-5.9938077612043,NA,35.9257314782729,-215.331928161414
"gzun_7","Sitanion hystrix","SITHYS_1998_3",1998,0.00133359409215314,1,1,0,0.00229915996525418,-6.61987765653665,-6.07521145525885,43.8227801875131,-290.101443410635
"gzun_7","Sitanion hystrix","SITHYS_1998_3",2000,0.00229915996525418,0,0,1,NA,-6.07521145525885,NA,36.9081942261083,-224.225084355372
"gzun_7","Sitanion hystrix","SITHYS_1998_4",1998,0.00108633199971466,1,1,0,0.00145774229720393,-6.82494839542859,-6.53086641190689,46.5799206002633,-317.905554359959
"gzun_7","Sitanion hystrix","SITHYS_1998_4",1999,0.00145774229720393,0,1,1,0.00197414423669142,-6.53086641190689,-6.22762027240746,42.6522160901735,-278.555925456709
"gzun_7","Sitanion hystrix","SITHYS_1998_4",2000,0.00197414423669142,0,1,2,0.00197117888736054,-6.22762027240746,-6.2291234952341,38.7832542573004,-241.527380442697
"gzun_7","Sitanion hystrix","SITHYS_1998_4",2001,0.00197117888736054,0,0,3,NA,-6.2291234952341,NA,38.8019795188775,-241.702322282633
"gzun_7","Sitanion hystrix","SITHYS_1998_5",1998,0.00104395742988101,1,1,0,0.00137354909589846,-6.86473656632909,-6.59035730796516,47.1246081250958,-323.498020570274
"gzun_7","Sitanion hystrix","SITHYS_1998_5",1999,0.00137354909589846,0,1,1,0.00191115585445495,-6.59035730796516,-6.26004706055821,43.4328094466498,-286.237733142186
"gzun_7","Sitanion hystrix","SITHYS_1998_5",2000,0.00191115585445495,0,0,2,NA,-6.26004706055821,NA,39.1881892004035,-245.319908612585
"gzun_7","Sitanion hystrix","SITHYS_1999_1",1999,0.00145754331636669,1,0,0,NA,-6.53100292054715,NA,42.6539991481954,-278.57339300988
"gzun_7","Sitanion hystrix","SITHYS_1999_2",1999,0.000670512699052235,1,1,0,0.00171065953231746,-7.30746791574667,-6.37087629141366,53.399087339667,-390.212117464771
"gzun_7","Sitanion hystrix","SITHYS_1999_2",2000,0.00171065953231746,0,1,1,0.00153872542956824,-6.37087629141366,-6.47680084837978,40.5880647204967,-258.581539242176
"gzun_7","Sitanion hystrix","SITHYS_1999_2",2001,0.00153872542956824,0,0,2,NA,-6.47680084837978,NA,41.948949229573,-271.694989958739
"gzun_7","Sitanion hystrix","SITHYS_2001_1",2001,0.00125053700229627,1,0,0,NA,-6.68418221808336,NA,44.6782919245418,-298.63784441636
"gzun_7","Sitanion hystrix","SITHYS_2001_2",2001,0.00223081040240861,1,0,0,NA,-6.10539035037538,NA,37.2757913304568,-227.583256691577
"gzun_7","Sitanion hystrix","SITHYS_2003_1",2003,0.000389709897919034,1,0,0,NA,-7.85010794712503,NA,61.6241947815155,-483.756581189556
"gzun_7","Sitanion hystrix","SITHYS_2004_1",2004,0.000285484991177633,1,0,0,NA,-8.16132110055609,NA,66.6071621063821,-543.602437546976
"gzun_7","Sitanion hystrix","SITHYS_2010_1",2010,0.00023889821908067,1,NA,0,NA,-8.33947295832472,NA,69.5468092226292,-579.983734849885
"ungz_19","Sitanion hystrix","SITHYS_1997_1",1997,0.00186710271946111,NA,1,NA,0.00458470809824934,-6.283367397478,-5.38502883980434,39.4807058516894,-248.071779977924
"ungz_19","Sitanion hystrix","SITHYS_1997_1",1998,0.00458470809824934,NA,0,NA,NA,-5.38502883980434,NA,28.9985356055245,-156.157950547842
"ungz_19","Sitanion hystrix","SITHYS_1997_2",1997,0.000361461835798606,NA,1,NA,0.000540570703810764,-7.92535409372664,-7.52288511757933,62.8112375109496,-497.80129833944
"ungz_19","Sitanion hystrix","SITHYS_1997_2",1998,0.000540570703810764,NA,0,NA,NA,-7.52288511757933,NA,56.5938004922966,-425.748659470752
"ungz_19","Sitanion hystrix","SITHYS_1997_3",1997,0.000662412628213318,NA,0,NA,NA,-7.31962189074325,NA,53.5768646234477,-392.162391135175
"ungz_19","Sitanion hystrix","SITHYS_1997_4",1997,0.00674150198521752,NA,1,NA,0.010703123130202,-4.99947253241307,-4.53721969877606,24.9947256023527,-124.960444104164
"ungz_19","Sitanion hystrix","SITHYS_1997_4",1998,0.010703123130202,NA,1,NA,0.00116827234195887,-4.53721969877606,-6.75222925227054,20.5863625949615,-93.4048498920059
"ungz_19","Sitanion hystrix","SITHYS_1997_4",2000,0.00116827234195887,NA,1,NA,0.000418516345974959,-6.75222925227054,-7.77879461031493,45.592599875218,-307.851686564514
"ungz_19","Sitanion hystrix","SITHYS_1997_4",2001,0.000418516345974959,NA,0,NA,NA,-7.77879461031493,NA,60.5096455894646,-470.692104983394
"ungz_19","Sitanion hystrix","SITHYS_1997_5",1997,0.00143036220941543,NA,1,NA,0.00280738924045191,-6.54982757348615,-5.87550032343821,42.9002412423995,-280.989182998676
"ungz_19","Sitanion hystrix","SITHYS_1997_5",1998,0.00280738924045191,NA,0,NA,NA,-5.87550032343821,NA,34.5215040507226,-202.831108215594
"ungz_19","Sitanion hystrix","SITHYS_1998_1",1998,0.000144626843576878,1,0,0,NA,-8.84135362524125,NA,78.1695339265666,-691.124492165069
"ungz_19","Sitanion hystrix","SITHYS_2001_1",2001,0.000788381171888789,1,0,0,NA,-7.14552886439047,NA,51.0585827518374,-364.840576828124
"ungz_19","Sitanion hystrix","SITHYS_2001_2",2001,2.4999999999999e-05,1,0,0,NA,-10.5966347330961,NA,112.288667666659,-1189.8819959296
"ungz_19","Sitanion hystrix","SITHYS_2003_1",2003,0.000504252806700858,1,0,0,NA,-7.59243281505549,NA,57.6450360511315,-437.666063339667
"ungz_24","Sitanion hystrix","SITHYS_1998_1",1998,0.00318622534059404,1,1,0,0.000779764085280202,-5.74891834162315,-7.15651913879828,33.0500620986511,-190.002108190719
"ungz_24","Sitanion hystrix","SITHYS_1998_1",1999,0.000779764085280202,0,0,1,NA,-7.15651913879828,NA,51.215766183986,-366.526610903914
"ungz_24","Sitanion hystrix","SITHYS_1998_10",1998,7.5e-05,1,0,0,NA,-9.49802244442796,NA,90.2124303548573,-856.83968827683
"ungz_24","Sitanion hystrix","SITHYS_1998_11",1998,7.49999999999995e-05,1,0,0,NA,-9.49802244442797,NA,90.2124303548574,-856.839688276831
"ungz_24","Sitanion hystrix","SITHYS_1998_12",1998,2.50000000000001e-05,1,0,0,NA,-10.5966347330961,NA,112.288667666658,-1189.88199592959
"ungz_24","Sitanion hystrix","SITHYS_1998_2",1998,0.00192858779822026,1,0,0,NA,-6.25096725466303,NA,39.0745916188695,-244.253992698884
"ungz_24","Sitanion hystrix","SITHYS_1998_3",1998,0.000824204456655278,1,0,0,NA,-7.10109193182439,NA,50.4255066242214,-358.076158247415
"ungz_24","Sitanion hystrix","SITHYS_1998_4",1998,0.00109058183747298,1,0,0,NA,-6.82104392931263,NA,46.5266402856127,-317.360257271491
"ungz_24","Sitanion hystrix","SITHYS_1998_5",1998,0.00133929445284224,1,0,0,NA,-6.61561233141339,NA,43.7663265195489,-289.541049423393
"ungz_24","Sitanion hystrix","SITHYS_1998_6",1998,0.00140387972774045,1,0,0,NA,-6.56851564105042,NA,43.145397726724,-283.401219807328
"ungz_24","Sitanion hystrix","SITHYS_1998_7",1998,0.000572658832010977,1,0,0,NA,-7.46522042518705,NA,55.7295159966299,-416.03312110383
"ungz_24","Sitanion hystrix","SITHYS_1998_8",1998,0.000175,1,0,0,NA,-8.65072458404076,NA,74.8350358289272,-647.377284192871
"ungz_24","Sitanion hystrix","SITHYS_1998_9",1998,2.49999999999994e-05,1,0,0,NA,-10.5966347330961,NA,112.288667666659,-1189.8819959296
"ungz_24","Sitanion hystrix","SITHYS_1999_1",1999,0.000977964541994841,1,0,0,NA,-6.93003714421571,NA,48.0254148202094,-332.817908570418
"ungz_24","Sitanion hystrix","SITHYS_1999_2",1999,0.000569269024069112,1,0,0,NA,-7.47115743404593,NA,55.8181934042998,-417.026510607548
"ungz_24","Sitanion hystrix","SITHYS_1999_3",1999,2.5e-05,1,0,0,NA,-10.5966347330961,NA,112.288667666658,-1189.88199592959
"ungz_24","Sitanion hystrix","SITHYS_1999_4",1999,2.50000000000001e-05,1,0,0,NA,-10.5966347330961,NA,112.288667666658,-1189.88199592959
"ungz_24","Sitanion hystrix","SITHYS_1999_5",1999,2.50000000000001e-05,1,0,0,NA,-10.5966347330961,NA,112.288667666658,-1189.88199592959
"ungz_24","Sitanion hystrix","SITHYS_1999_6",1999,2.49999999999994e-05,1,0,0,NA,-10.5966347330961,NA,112.288667666659,-1189.8819959296
"ungz_24","Sitanion hystrix","SITHYS_2001_1",2001,2.4999999999999e-05,NA,0,NA,NA,-10.5966347330961,NA,112.288667666659,-1189.8819959296
"ungz_24","Sitanion hystrix","SITHYS_2003_1",2003,0.00032439495630068,1,0,0,NA,-8.03354878362231,NA,64.5379060588394,-518.46841671652
"ungz_24","Sitanion hystrix","SITHYS_2003_2",2003,0.000920545012249729,1,0,0,NA,-6.99054465870426,NA,48.8677146253387,-341.611941457246
"ungz_5b","Sitanion hystrix","SITHYS_2002_1",2002,0.00245282715257317,1,0,0,NA,-6.01051397987653,NA,36.1262783022913,-217.137500776832
"ungz_5b","Sitanion hystrix","SITHYS_2002_2",2002,1e-04,1,0,0,NA,-9.21034037197618,NA,84.8303697676543,-781.316579440695
"ungz_7","Sitanion hystrix","SITHYS_1997_1",1997,0.00354816408730284,NA,0,NA,NA,-5.64132496777364,NA,31.8245473920263,-179.532613790733
"ungz_7","Sitanion hystrix","SITHYS_1998_1",1998,0.000216692078740722,1,0,0,NA,-8.43703320412458,NA,71.1835292875007,-600.577800185418
"ungz_7","Sitanion hystrix","SITHYS_1998_2",1998,0.00137603392825871,1,0,0,NA,-6.58854988261021,NA,43.408989555643,-286.002293041059
"ungz_7","Sitanion hystrix","SITHYS_1998_3",1998,0.00257556933411404,1,0,0,NA,-5.96168466867877,NA,35.5416840887595,-211.888313130981
"ungz_7","Sitanion hystrix","SITHYS_1998_4",1998,0.000350750571467198,1,0,0,NA,-7.95543520971091,NA,63.288949375908,-503.491136250709
"ungz_7","Sitanion hystrix","SITHYS_1998_5",1998,2.4999999999999e-05,1,1,0,0.00151537637687473,-10.5966347330961,-6.49209143729464,112.288667666659,-1189.8819959296
"ungz_7","Sitanion hystrix","SITHYS_1998_5",1999,0.00151537637687473,0,0,1,NA,-6.49209143729464,NA,42.1472512301944,-273.623808817051
"ungz_7","Sitanion hystrix","SITHYS_1999_1",1999,0.000785310934235531,1,1,0,0.000214057314090714,-7.14943082403905,-8.44926675594676,51.1143611077198,-365.438588854595
"ungz_7","Sitanion hystrix","SITHYS_1999_1",2000,0.000214057314090714,0,0,1,NA,-8.44926675594676,NA,71.390108713147,-603.194072253418
"ungz_7","Sitanion hystrix","SITHYS_1999_2",1999,0.00103976276262914,1,0,0,NA,-6.86876270470715,NA,47.1799010935759,-324.067545043326
"ungz_7","Sitanion hystrix","SITHYS_2001_1",2001,2.49999999999994e-05,1,0,0,NA,-10.5966347330961,NA,112.288667666659,-1189.8819959296
"ungz_7","Sitanion hystrix","SITHYS_2003_1",2003,0.000611920024814912,1,0,0,NA,-7.39890896239812,NA,54.7438538338553,-405.044790767525
"ungz_7","Sitanion hystrix","SITHYS_2003_2",2003,2.49999999999994e-05,1,0,0,NA,-10.5966347330961,NA,112.288667666659,-1189.8819959296
"unun_19","Sitanion hystrix","SITHYS_1997_1",1997,0.00154433972337994,NA,0,NA,NA,-6.47315882348637,NA,41.9017851540795,-271.23691028996
"unun_19","Sitanion hystrix","SITHYS_1997_2",1997,0.00166767338404912,NA,1,NA,0.00110968898957032,-6.39632580713963,-6.80367549249462,40.9129838310804,-261.692774325826
"unun_19","Sitanion hystrix","SITHYS_1997_2",1998,0.00110968898957032,NA,0,NA,NA,-6.80367549249462,NA,46.2900002071719,-314.942139957106
"unun_19","Sitanion hystrix","SITHYS_1997_3",1997,0.00248970197071746,NA,1,NA,0.00715113964974194,-5.99559226614391,-4.94048354340541,35.9471266218447,-215.524314364028
"unun_19","Sitanion hystrix","SITHYS_1997_3",1998,0.00715113964974194,NA,1,NA,0.000812616390601064,-4.94048354340541,-7.11525140404914,24.4083776426597,-120.589188064785
"unun_19","Sitanion hystrix","SITHYS_1997_3",1999,0.000812616390601064,NA,1,NA,0.00217881684656682,-7.11525140404914,-6.12897328044553,50.6268025428232,-360.222427875341
"unun_19","Sitanion hystrix","SITHYS_1997_3",2001,0.00217881684656682,NA,0,NA,NA,-6.12897328044553,NA,37.5643134724153,-230.230673570713
"unun_19","Sitanion hystrix","SITHYS_1997_4",1997,0.000953787819637257,NA,1,NA,0.00199690508414636,-6.95506932253475,-6.21615675489866,48.3729892812639,-336.437493789421
"unun_19","Sitanion hystrix","SITHYS_1997_4",1998,0.00199690508414636,NA,0,NA,NA,-6.21615675489866,NA,38.6406048014722,-240.196056550041
"unun_19","Sitanion hystrix","SITHYS_1997_5",1997,0.00606551919701077,NA,1,NA,0.0154827145251259,-5.10513513480723,-4.1680310692735,26.0624047446432,-133.052098159445
"unun_19","Sitanion hystrix","SITHYS_1997_5",1998,0.0154827145251259,NA,0,NA,NA,-4.1680310692735,NA,17.3724829944292,-72.4090488712066
"unun_19","Sitanion hystrix","SITHYS_1997_6",1997,0.00114570299641196,NA,1,NA,0.00406353031395796,-6.77173685971335,-5.50570314773782,45.8564200972004,-310.527610226712
"unun_19","Sitanion hystrix","SITHYS_1997_6",1998,0.00406353031395796,NA,1,NA,0.0011482292734727,-5.50570314773782,-6.76953428545671,30.3127671510101,-166.89309751996
"unun_19","Sitanion hystrix","SITHYS_1997_6",2000,0.0011482292734727,NA,1,NA,0.000934654567682742,-6.76953428545671,-6.97533354326631,45.8265944419739,-310.224702260662
"unun_19","Sitanion hystrix","SITHYS_1997_6",2001,0.000934654567682742,NA,0,NA,NA,-6.97533354326631,NA,48.6552780398162,-339.386792968079
"unun_19","Sitanion hystrix","SITHYS_1997_7",1997,0.0019105321625327,NA,0,NA,NA,-6.26037345660363,NA,39.1922758161473,-245.358283223297
"unun_19","Sitanion hystrix","SITHYS_1997_8",1997,0.00164688774800445,NA,1,NA,0.00050808899133426,-6.40886798554074,-7.58485394593613,41.073588856089,-263.235208671052
"unun_19","Sitanion hystrix","SITHYS_1997_8",1998,0.00050808899133426,NA,0,NA,NA,-7.58485394593613,NA,57.5300093811829,-436.356718664607
"unun_19","Sitanion hystrix","SITHYS_1998_1",1998,0.00229570557744075,1,1,0,0.000799268694367087,-6.07671504156932,-7.13181338041098,36.9264656964349,-224.391609529519
"unun_19","Sitanion hystrix","SITHYS_1998_1",2000,0.000799268694367087,0,0,1,NA,-7.13181338041098,NA,50.8627620930092,-362.743727259583
"unun_19","Sitanion hystrix","SITHYS_1998_2",1998,0.000492022759155021,1,0,0,NA,-7.61698558409669,NA,58.0184693883368,-441.925844942317
"unun_19","Sitanion hystrix","SITHYS_1998_3",1998,0.000288727272375502,1,0,0,NA,-8.15002800961397,NA,66.4229565574922,-541.348956424934
"unun_19","Sitanion hystrix","SITHYS_1998_4",1998,0.000984688133940295,1,0,0,NA,-6.92318558221443,NA,47.9304986057817,-331.831736895897
"unun_19","Sitanion hystrix","SITHYS_1998_5",1998,0.00134369561896433,1,0,0,NA,-6.61233153651516,NA,43.722928348793,-289.110497989516
"unun_19","Sitanion hystrix","SITHYS_1999_1",1999,0.000770741973961262,1,0,0,NA,-7.16815690453636,NA,51.3824734080522,-368.317631532085
"unun_19","Sitanion hystrix","SITHYS_2000_1",2000,0.000971050614801605,1,0,0,NA,-6.93713196456227,NA,48.1237998937516,-333.841150499143
"unun_19","Sitanion hystrix","SITHYS_2000_2",2000,0.000245304096521119,1,1,0,0.000502346380085414,-8.31301190679395,-7.59622067604307,69.1061669624979,-574.480388792136
"unun_19","Sitanion hystrix","SITHYS_2000_2",2001,0.000502346380085414,0,0,1,NA,-7.59622067604307,NA,57.7025685591442,-438.321444349764
"unun_19","Sitanion hystrix","SITHYS_2000_3",2000,0.000496021329681874,1,1,0,0.00213066252420622,-7.60889162877309,-6.15132230339676,57.8952318184132,-440.518544729002
"unun_19","Sitanion hystrix","SITHYS_2000_3",2001,0.00213066252420622,0,1,1,0.00184144425895745,-6.15132230339676,-6.29720509190603,37.8387660802664,-232.758445722556
"unun_19","Sitanion hystrix","SITHYS_2000_3",2002,0.00184144425895745,0,1,2,0.000681215069331023,-6.29720509190603,-7.29163248767788,39.6547919695272,-249.714357908981
"unun_19","Sitanion hystrix","SITHYS_2000_3",2003,0.000681215069331023,0,0,3,NA,-7.29163248767788,NA,53.1679043353594,-387.680818553456
"unun_19","Sitanion hystrix","SITHYS_2000_4",2000,0.000999436201140631,1,1,0,0.000600888225817403,-6.90831923683585,-7.41710162106265,47.7248746780362,-329.698669813858
"unun_19","Sitanion hystrix","SITHYS_2000_4",2001,0.000600888225817403,0,0,1,NA,-7.41710162106265,NA,55.0133964571703,-408.03995204264
"unun_19","Sitanion hystrix","SITHYS_2001_1",2001,0.00104229069944385,1,0,0,NA,-6.86633439236746,NA,47.1465479878082,-323.72396393009
"unun_19","Sitanion hystrix","SITHYS_2001_2",2001,0.000296911027477467,1,0,0,NA,-8.1220780348248,NA,65.9681516037836,-535.798475139083
"unun_19","Sitanion hystrix","SITHYS_2001_3",2001,0.00041221991235479,1,0,0,NA,-7.7939535831667,NA,60.7457124565571,-473.449263262798
"unun_19","Sitanion hystrix","SITHYS_2001_4",2001,0.00216004836588377,1,0,0,NA,-6.1376246659239,NA,37.6704365397574,-231.207000482536
"unun_19","Sitanion hystrix","SITHYS_2001_5",2001,0.000468006008733721,1,0,0,NA,-7.66702942295443,NA,58.783340172449,-450.693598681706
"unun_19","Sitanion hystrix","SITHYS_2001_6",2001,0.000493252258646313,1,0,0,NA,-7.61448983396141,NA,57.9804554315017,-441.491588451623
"unun_19","Sitanion hystrix","SITHYS_2003_1",2003,0.000856539950068944,1,0,0,NA,-7.06260959789155,NA,49.8804543322299,-352.286175513998
"unun_24","Sitanion hystrix","SITHYS_1998_1",1998,0.00113213369741244,1,1,0,0.0040622589397094,-6.78365119892046,-5.50601607100453,46.0179235886149,-312.169542523738
"unun_24","Sitanion hystrix","SITHYS_1998_1",1999,0.0040622589397094,0,0,1,NA,-5.50601607100453,NA,30.3162129741602,-166.921555847722
"unun_24","Sitanion hystrix","SITHYS_1998_2",1998,0.000243420152950347,1,1,0,0.000724127560030254,-8.32072158317878,-7.23054299321073,69.2344076647773,-576.080230154911
"unun_24","Sitanion hystrix","SITHYS_1998_2",1999,0.000724127560030254,0,0,1,NA,-7.23054299321073,NA,52.2807519766688,-378.01822488469
"unun_24","Sitanion hystrix","SITHYS_1998_3",1998,0.00057573444686679,1,1,0,0.00236400311109858,-7.45986403332043,-6.0473988634076,55.6495713956277,-415.138236123941
"unun_24","Sitanion hystrix","SITHYS_1998_3",1999,0.00236400311109858,0,0,1,NA,-6.0473988634076,NA,36.5710330131436,-221.159623477326
"unun_24","Sitanion hystrix","SITHYS_1998_4",1998,0.000494640930570731,1,1,0,0.00216779546804635,-7.61167845140664,-6.13404454116219,57.9376488476081,-441.002753258503
"unun_24","Sitanion hystrix","SITHYS_1998_4",1999,0.00216779546804635,0,0,1,NA,-6.13404454116219,NA,37.6265024329617,-230.802641851935
"unun_24","Sitanion hystrix","SITHYS_1998_5",1998,0.000241518852371855,1,1,0,0.00202631451118612,-8.32856302426688,-6.20153664769825,69.3649620491855,-577.710458102521
"unun_24","Sitanion hystrix","SITHYS_1998_5",1999,0.00202631451118612,0,0,1,NA,-6.20153664769825,NA,38.4590567927445,-238.505250136113
"unun_24","Sitanion hystrix","SITHYS_2001_1",2001,0.000962301500795728,NA,0,NA,NA,-6.94618274601078,NA,48.2494547409778,-335.149530026208
"unun_24","Sitanion hystrix","SITHYS_2001_2",2001,0.00118333990387249,NA,0,NA,NA,-6.73941441161004,NA,45.4197066114171,-306.102225308084
"unun_24","Sitanion hystrix","SITHYS_2001_3",2001,0.00160237196560688,NA,0,NA,NA,-6.43627026901853,NA,41.4255749758519,-266.626196594073
"unun_24","Sitanion hystrix","SITHYS_2001_4",2001,0.00113331522826177,NA,0,NA,NA,-6.78260811121888,NA,46.0037727903721,-312.025562474648
"unun_24","Sitanion hystrix","SITHYS_2001_5",2001,0.000324030374763642,NA,0,NA,NA,-8.03467329729563,NA,64.5559749942755,-518.68616846739
"unun_24","Sitanion hystrix","SITHYS_2001_6",2001,2.49999999999994e-05,NA,0,NA,NA,-10.5966347330961,NA,112.288667666659,-1189.8819959296
"unun_5a","Sitanion hystrix","SITHYS_2002_1",2002,0.000366712620874825,1,0,0,NA,-7.91093206604041,NA,62.5828461535065,-495.088644419848
"unun_5a","Sitanion hystrix","SITHYS_2002_10",2002,2.50000000000001e-05,1,0,0,NA,-10.5966347330961,NA,112.288667666658,-1189.88199592959
"unun_5a","Sitanion hystrix","SITHYS_2002_11",2002,2.49999999999994e-05,1,0,0,NA,-10.5966347330961,NA,112.288667666659,-1189.8819959296
"unun_5a","Sitanion hystrix","SITHYS_2002_12",2002,2.49999999999994e-05,1,0,0,NA,-10.5966347330961,NA,112.288667666659,-1189.8819959296
"unun_5a","Sitanion hystrix","SITHYS_2002_13",2002,2.49999999999994e-05,1,0,0,NA,-10.5966347330961,NA,112.288667666659,-1189.8819959296
"unun_5a","Sitanion hystrix","SITHYS_2002_14",2002,2.4999999999999e-05,1,0,0,NA,-10.5966347330961,NA,112.288667666659,-1189.8819959296
"unun_5a","Sitanion hystrix","SITHYS_2002_15",2002,2.4999999999999e-05,1,0,0,NA,-10.5966347330961,NA,112.288667666659,-1189.8819959296
"unun_5a","Sitanion hystrix","SITHYS_2002_2",2002,0.000387309244686966,1,0,0,NA,-7.85628710215197,NA,61.7212470314395,-484.899836981834
"unun_5a","Sitanion hystrix","SITHYS_2002_3",2002,0.00103522657932425,1,0,0,NA,-6.87313495900218,NA,47.2399841646579,-324.68678662482
"unun_5a","Sitanion hystrix","SITHYS_2002_4",2002,0.00211621147514629,1,0,0,NA,-6.15812782898444,NA,37.9225383581126,-233.531838808823
"unun_5a","Sitanion hystrix","SITHYS_2002_5",2002,0.00147262163837281,1,0,0,NA,-6.52071103914548,NA,42.5196724560338,-277.258497564909
"unun_5a","Sitanion hystrix","SITHYS_2002_6",2002,0.000371500698865779,1,0,0,NA,-7.89795981260829,NA,62.3777692015755,-492.657114354198
"unun_5a","Sitanion hystrix","SITHYS_2002_7",2002,0.00068475608169151,1,0,0,NA,-7.28644786823729,NA,53.0923225365398,-386.854440366137
"unun_5a","Sitanion hystrix","SITHYS_2002_8",2002,0.00164439229203565,1,0,0,NA,-6.41038439035384,NA,41.0930280320922,-263.422105449297
"unun_5a","Sitanion hystrix","SITHYS_2002_9",2002,0.000543522002703217,1,0,0,NA,-7.51744036886785,NA,56.511909699484,-424.824911296716
"unun_5b","Sitanion hystrix","SITHYS_1999_1",1999,0.00270678505717334,1,1,0,0.0033097802562517,-5.91199367409826,-5.7108734796363,34.9516692025779,-206.634047224816
"unun_5b","Sitanion hystrix","SITHYS_1999_1",2001,0.0033097802562517,NA,0,1,NA,-5.7108734796363,NA,32.6140759004132,-186.254861122515
"unun_7","Sitanion hystrix","SITHYS_1997_1",1997,0.000642779377318027,NA,1,NA,0.00381625679002383,-7.34970900719487,-5.56848523467698,54.0182224904414,-397.018216390654
"unun_7","Sitanion hystrix","SITHYS_1997_1",1998,0.00381625679002383,NA,1,NA,0.0171989061438296,-5.56848523467698,-4.06290949347403,31.0080278088156,-172.667745009843
"unun_7","Sitanion hystrix","SITHYS_1997_1",1999,0.0171989061438296,NA,1,NA,0.00564138738611401,-4.06290949347403,-5.17762525327711,16.5072335521614,-67.0673959100698
"unun_7","Sitanion hystrix","SITHYS_1997_1",2001,0.00564138738611401,NA,0,NA,NA,-5.17762525327711,NA,26.8078032633729,-138.800759161324
"unun_7","Sitanion hystrix","SITHYS_1997_2",1997,0.00103450123670613,NA,1,NA,0.00244194440819124,-6.87383586531673,-6.0149606684212,47.2496195033145,-324.786129164452
"unun_7","Sitanion hystrix","SITHYS_1997_2",1998,0.00244194440819124,NA,1,NA,0.00108780620817011,-6.0149606684212,-6.8235922639039,36.179751842654,-217.619784326803
"unun_7","Sitanion hystrix","SITHYS_1997_2",1999,0.00108780620817011,NA,0,NA,NA,-6.8235922639039,NA,46.5614113840092,-317.716086516372
"unun_7","Sitanion hystrix","SITHYS_1997_3",1997,0.00110212651103294,NA,0,NA,NA,-6.81051377354027,NA,46.3830978595817,-315.892726832148
"unun_7","Sitanion hystrix","SITHYS_1997_4",1997,0.00125095714712364,NA,1,NA,0.000989981825566774,-6.68384630298125,-6.91782397301751,44.6738014018761,-298.592822340048
"unun_7","Sitanion hystrix","SITHYS_1997_4",1998,0.000989981825566774,NA,1,NA,0.00134859305742945,-6.91782397301751,-6.60869340966054,47.8562885216557,-331.061379994753
"unun_7","Sitanion hystrix","SITHYS_1997_4",1999,0.00134859305742945,NA,1,NA,0.00156105037385055,-6.60869340966054,-6.46239636772573,43.6748285828907,-288.633551823804
"unun_7","Sitanion hystrix","SITHYS_1997_4",2001,0.00156105037385055,NA,0,NA,NA,-6.46239636772573,NA,41.7625668135947,-269.886260083077
"unun_7","Sitanion hystrix","SITHYS_1998_1",1998,0.000281581830914724,1,1,0,0.000876886150109076,-8.17508745666137,-7.03913339145459,66.832054924062,-546.357893912603
"unun_7","Sitanion hystrix","SITHYS_1998_1",1999,0.000876886150109076,0,0,1,NA,-7.03913339145459,NA,49.549398902691,-348.784828342436
"unun_7","Sitanion hystrix","SITHYS_1998_2",1998,0.00196754100700624,1,1,0,0.00144022696339935,-6.23097073570123,-6.54295456434216,38.8249963091651,-241.917415816116
"unun_7","Sitanion hystrix","SITHYS_1998_2",1999,0.00144022696339935,0,1,1,0.000561028872442261,-6.54295456434216,-7.48573818773692,42.8102544310458,-280.10554963026
"unun_7","Sitanion hystrix","SITHYS_1998_2",2001,0.000561028872442261,NA,0,2,NA,-7.48573818773692,NA,56.0362762153429,-419.472892763766
"unun_7","Sitanion hystrix","SITHYS_1998_3",1998,0.00033647576507717,1,1,0,0.00132731544977589,-7.99698443204614,-6.62459683539693,63.9517600063884,-511.421229173039
"unun_7","Sitanion hystrix","SITHYS_1998_3",1999,0.00132731544977589,0,1,1,0.0011926506258812,-6.62459683539693,-6.73157703216685,43.885283231551,-290.722308416231
"unun_7","Sitanion hystrix","SITHYS_1998_3",2001,0.0011926506258812,NA,0,2,NA,-6.73157703216685,NA,45.3141293399963,-305.035552297757
"unun_7","Sitanion hystrix","SITHYS_1998_4",1998,0.000417123637830627,1,1,0,0.000205129257982043,-7.78212788651239,-8.49187025078266,60.5615144420338,-471.297450388774
"unun_7","Sitanion hystrix","SITHYS_1998_4",1999,0.000205129257982043,0,0,1,NA,-8.49187025078266,NA,72.1118603561275,-612.364561686793
"unun_7","Sitanion hystrix","SITHYS_1998_5",1998,0.000317760028775728,1,0,0,NA,-8.05421408654941,NA,64.870364551971,-522.479803974081
"unun_7","Sitanion hystrix","SITHYS_1999_1",1999,0.00219031450523969,1,1,0,0.000248520498537631,-6.12371013576612,-8.29998522674459,37.4998258268847,-229.638063505558
"unun_7","Sitanion hystrix","SITHYS_1999_1",2001,0.000248520498537631,NA,0,1,NA,-8.29998522674459,NA,68.8897547641785,-571.783946816739
"unun_7","Sitanion hystrix","SITHYS_1999_2",1999,2.49999999999998e-05,1,0,0,NA,-10.5966347330961,NA,112.288667666658,-1189.88199592959
"unun_7","Sitanion hystrix","SITHYS_2001_1",2001,0.000612769482644815,NA,0,NA,NA,-7.39752174063954,NA,54.7233279032347,-404.817007884325
"unun_7","Sitanion hystrix","SITHYS_2001_2",2001,0.000663478065773537,NA,0,NA,NA,-7.31801476310539,NA,53.5533400730284,-391.904133268025
"unun_7","Sitanion hystrix","SITHYS_2001_3",2001,0.000120751217917245,NA,0,NA,NA,-9.02177817921128,NA,81.3924815148928,-734.304913682917
"unun_7","Sitanion hystrix","SITHYS_2001_4",2001,0.000407129015458018,NA,0,NA,NA,-7.80638043145547,NA,60.9395754406108,-475.717509220788
"unun_7","Sitanion hystrix","SITHYS_2001_5",2001,2.49999999999994e-05,NA,0,NA,NA,-10.5966347330961,NA,112.288667666659,-1189.8819959296
